word,count
for,2389
any,290
comment,1096
only,4260
skimmer,5663
who,6820
are,332
wondering,6881
which,6815
cancer,817
it,3290
colon,1076
and,247
you,6946
need,4058
to,6288
have,2770
already,207
suffered,5977
from,2456
protect,4834
relapse,5128
do,1734
people,4488
realize,5006
how,2910
incredible,3075
amazing,219
this,6232
is,3284
not,4151
just,3340
those,6239
understand,6491
the,6197
science,5447
but,787
others,4313
like,3503
me,3733
that,6194
don,1754
what,6802
if,2978
your,6949
child,966
grows,2697
up,6575
cure,1399
we,6766
re,4990
about,14
find,2319
out,4319
news,4100
fill,2312
with,6866
such,5972
hope,2881
of,4223
bittersweet,624
variety,6651
my,3996
wife,6835
ha,2718
greatly,2677
in,3051
last,3430
year,6938
losing,3579
one,4256
her,2816
older,4243
brother,752
december,1472
other,4312
wasting,6757
away,456
our,4316
eye,2209
right,5302
now,4165
am,217
so,5719
excited,2118
type,6447
no,4127
idea,2963
share,5546
never,4094
because,524
feel,2279
they,6222
missing,3874
on,4248
beautiful,520
potential,4650
treatment,6383
wonder,6878
felt,2284
lost,3581
loved,3588
smallpox,5700
or,4289
some,5744
very,6683
preventable,4730
illness,2994
sister,5644
wa,6720
recently,5027
diagnosed,1618
sometimes,5751
here,2818
discussed,1694
future,2496
ailment,167
could,1302
be,512
targeted,6114
these,6219
therapy,6215
she,5553
get,2573
benefit,557
really,5008
kid,3372
likely,3507
grandkids,2659
can,814
avoid,448
heartbreak,2795
altogether,214
technology,6140
been,530
used,6605
clinical,1031
trial,6389
grandmother,2661
went,6793
through,6251
bought,701
another,266
nearly,4051
normal,4144
life,3495
against,148
aggressive,154
blood,649
unfortunately,6515
long,3566
take,6095
white,6818
cell,898
die,1634
stop,5905
gap,2514
promising,4809
patient,4448
thrilled,6249
know,3394
able,10
more,3938
help,2807
improve,3044
ok,4239
plot,4592
twist,6444
covid,1325
lead,3449
true,6414
litmus,3538
test,6178
approach,319
will,6842
all,190
th,6187
conservative,1204
antivaxxers,286
refused,5097
mrna,3964
vaccine,6630
bc,511
change,926
dna,1733
also,209
refuse,5096
saw,5425
lot,3582
were,6794
suspicious,6057
there,6216
expected,2152
free,2443
developed,1605
at,395
warp,6744
speed,5792
their,6200
mind,3841
conveniently,1258
brain,711
tumor,6431
injection,3150
every,2082
six,5649
week,6783
build,769
immune,3013
response,5246
after,145
then,6206
ll,3545
go,2612
biweekly,625
schedule,5439
roughly,5352
couple,1315
cause,879
autism,432
reading,5000
journalist,3330
write,6916
them,6202
doe,1740
anti,271
vaxxers,6660
spew,5800
when,6808
come,1090
government,2642
created,1347
had,2725
why,6830
did,1631
let,3477
million,3838
control,1252
willing,6845
article,350
say,5426
participant,4421
four,2424
experiment,2161
wrong,6920
make,3639
sense,5503
many,3676
trumper,6418
folk,2378
won,6877
guinea,2710
pig,4560
tech,6135
heard,2791
an,236
interesting,3214
publicly,4870
owned,4370
company,1118
exist,2132
greater,2675
profit,4788
shareholder,5548
over,4335
question,4920
posed,4636
paraphrase,4406
made,3620
billion,590
alone,202
going,2617
increase,3071
next,4104
hopefully,2884
necessity,4057
drive,1807
thing,6227
intense,3203
greed,2678
unintentionally,6527
great,2674
hate,2767
antivaxx,284
movement,3958
spin,5807
same,5401
process,4773
spine,5809
strong,5929
enough,1992
continue,1235
home,2874
neighbor,4069
down,1775
street,5919
shot,5581
cute,1415
his,2850
pas,4431
too,6301
wait,6725
see,5478
vax,6657
individual,3089
deny,1548
save,5421
interested,3213
qnuts,4904
think,6228
instead,3180
gonna,2622
turning,6438
brb,718
sending,5502
colleague,1067
weird,6788
nobody,4129
working,6893
work,6888
melanoma,3768
family,2235
chance,925
getting,2574
criticized,1365
singing,5637
different,1641
tune,6434
especially,2047
sure,6026
system,6083
fight,2306
off,4224
naturally,4033
ultimately,6460
approved,324
feeling,2280
outlook,4326
quick,4924
someone,5748
post,4643
tell,6150
curious,1403
anyone,292
often,4233
reach,4991
phase,4535
should,5582
proofread,4817
bit,619
forever,2402
once,4249
serious,5521
little,3539
experience,2159
mention,3778
mutation,3993
mutate,3989
itself,3297
similar,5622
virus,6700
wouldn,6908
end,1969
harder,2757
treat,6378
wow,6910
saved,5422
set,5528
again,147
ugh,6454
ivermectin,3300
vitamin,6707
logical,3561
person,4510
meant,3740
personalised,4512
specifically,5785
bowel,704
space,5769
manufacturing,3675
sequence,5513
drug,1815
completely,1140
industry,3097
huge,2924
challenge,922
making,3642
stuff,5942
developing,1606
reliably,5143
biggest,585
biotech,613
scientist,5450
may,3723
most,3945
molecule,3914
scale,5429
useless,6607
us,6600
body,664
manufacture,3672
antigen,278
protein,4839
provides,4852
therapeutic,6213
cutting,1417
biopharmaceutical,607
mfr,3814
achievement,60
while,6816
spike,5804
surface,6028
coronavirus,1281
case,865
recognizes,5042
antibody,273
produced,4778
destroy,1587
well,6792
contain,1228
way,6764
inject,3148
into,3234
instructed,3184
by,793
produce,4777
kind,3379
elicit,1926
cellular,899
mediated,3754
immunity,3014
part,4417
involving,3267
ability,9
detect,1593
infected,3109
begin,534
expressing,2191
look,3569
cmi,1049
kick,3369
own,4369
start,5855
killing,3376
treated,6380
possible,4641
repeat,5180
repeatedly,5182
stimulated,5896
trained,6336
recognize,5040
attack,408
rest,5249
plus,4598
superior,6007
specificity,5786
surgery,6031
chemo,957
quicker,4925
easier,1858
series,5520
method,3807
might,3829
capable,830
treating,6382
would,6907
otherwise,4314
considered,1208
inoperable,3157
side,5604
technique,6138
limited,3514
solid,5736
careful,856
restrict,5252
application,313
surrounding,6041
healthy,2789
tissue,6281
ever,2081
public,4867
taking,6098
exciting,2120
hyped,2944
hear,2790
antivax,283
community,1116
claim,1003
manufactured,3673
whole,6823
time,6270
brainchild,712
bill,588
gate,2519
push,4894
freedom,2445
pfizer,4528
nda,4046
world,6894
convince,1264
crony,1369
withhold,6867
data,1448
nah,4006
cool,1271
newfound,4098
crispr,1362
form,2410
immunotherapy,3023
booster,688
month,3929
stay,5870
cynical,1421
much,3968
cost,1295
image,3001
center,903
happy,2755
actually,80
none,4135
le,3448
reminds,5162
legend,3468
lol,3563
fast,2251
helped,2808
development,1607
back,463
started,5856
using,6610
folding,2375
program,4792
console,1213
thinking,6230
something,5749
nowadays,4166
faster,2252
processor,4776
higher,2834
inet,3103
even,2078
better,571
than,6189
chemotherapy,960
seeing,5479
thanks,6193
list,3529
bad,469
movie,3959
uncle,6471
smith,5707
ask,358
rule,5369
everyone,2085
allowed,198
access,36
darwin,1447
disease,1697
disorder,1702
tolerate,6296
wild,6839
primarily,4743
related,5131
colorectal,1080
beyond,574
woman,6876
either,1913
pre,4673
planned,4576
mastectomy,3705
due,1824
carry,862
brca,719
gene,2531
imagine,3005
needing,4060
choice,974
spot,5823
known,3399
persistent,4509
job,3320
fighting,2307
honestly,2878
date,1450
presented,4714
far,2242
isn,3285
exactly,2098
impressive,3041
overall,4337
rate,4976
orr,4308
groundbreaking,2691
http,2919
www,6925
aacr,0
org,4297
newsroom,4102
release,5137
personalized,4514
atezolizumab,398
show,5585
activity,77
advanced,122
til,6269
ken,3361
griffin,2682
citadel,996
usual,6611
suspect,6054
short,5576
ground,2690
taint,6094
name,4010
massive,3703
distort,1718
campaign,813
dont,1761
beleive,546
prostate,4832
wonderful,6880
love,3587
preserve,4718
precious,4678
physical,4549
financial,2316
recipient,5034
gotta,2637
big,583
pharma,4530
good,2623
ya,6934
head,2778
straight,5912
real,5002
swept,6068
under,6480
rug,5365
profitable,4789
call,808
pessimistic,4523
seems,5485
low,3589
variation,6648
step,5882
direction,1669
tested,6180
hundred,2933
seriously,5522
guy,2716
watched,6759
opening,4269
range,4962
human,2928
travel,6375
dying,1843
assuming,381
passing,4434
yes,6941
contagious,1227
mandate,3659
hypocrite,2947
peep,4478
per,4491
brings,740
limit,3512
defense,1501
add,86
vaccination,6629
flue,2364
common,1108
cold,1060
each,1847
designed,1578
prime,4745
point,4604
capability,829
exhausted,2129
effective,1891
adding,92
layer,3443
create,1346
pill,4563
vaccinate,6625
first,2331
probably,4767
develop,1603
condition,1169
prevent,4729
sale,5395
target,6113
must,3985
reached,4992
capitalize,838
sort,5762
timeline,6272
ve,6663
happened,2750
hit,2855
current,1404
quickly,4926
wish,6861
knew,3391
meaningful,3737
revolutionary,5283
use,6604
turn,6436
trigger,6398
skip,5665
several,5535
being,545
exposed,2187
germ,2568
addition,93
safer,5388
traditional,6329
carpet,859
bombing,673
extremely,2207
powerful,4660
misnomer,3868
mean,3735
half,2733
reject,5126
immunosuppressant,3022
taken,6097
proactively,4765
nice,4109
operating,4272
procedure,4771
improved,3045
significantly,5616
diagnosis,1620
still,5893
problem,4770
slight,5685
exaggeration,2100
ahead,163
relative,5134
doing,1748
age,149
him,2844
terminal,6166
two,6445
later,3435
whilst,6817
identified,2968
notch,4153
above,15
shamanism,5544
flagging,2344
abnormal,11
situation,5648
properly,4820
diagnosing,1619
tapping,6112
skin,5664
sticking,5891
ice,2958
finger,2322
between,573
rib,5292
rear,5011
bloody,650
want,6736
medical,3756
tricorder,6396
middle,3828
doesn,1742
youth,6954
solution,5738
regenerative,5106
medicine,3761
immensely,3011
distrust,1721
reaction,4996
simply,5631
research,5217
yet,6943
deadly,1461
before,531
jim,3319
cramer,1334
try,6425
biontech,606
crazy,1342
complain,1134
market,3687
silly,5620
intended,3202
viral,6698
infection,3111
definition,1511
narrow,4021
defined,1508
anything,294
prompt,4813
beneficial,556
always,215
thought,6241
antibiotic,272
bacteria,467
invented,3248
honest,2877
maintain,3632
protest,4841
threatening,6246
according,43
parent,4408
bet,567
pretty,4727
pan,4395
cant,827
done,1759
preventative,4731
rather,4977
mandated,3660
didn,1632
read,4998
leprocy,3475
coming,1094
war,6739
pandemic,4398
track,6322
told,6295
nervous,4082
significant,5615
silver,5621
lining,3522
boost,686
credence,1352
new,4095
knowing,3395
member,3771
succumbed,5971
however,2913
keep,3356
resident,5227
evil,2089
umbrella,6462
corp,1282
subscribe,5951
zombie,6968
sub,5944
al,176
alzheimer,216
example,2104
couldn,1303
potentially,4651
though,6240
internal,3221
early,1852
morning,3940
result,5255
decade,1470
group,2693
develops,1608
realized,5007
subject,5945
got,2635
term,6165
portrayed,4634
hyper,2945
lunatic,3602
maybe,3724
terrifying,6172
shut,5594
smoking,5711
cigs,992
sometime,5750
upto,6591
everyday,2083
almost,201
odds,4221
breast,726
tnbc,6286
trialling,6392
usa,6601
mayo,3725
recurrence,5063
dr,1788
nasal,4023
spray,5826
live,3540
flu,2363
light,3501
dark,1445
luck,3592
existed,2133
myself,4001
keinish,3358
gnome,2611
advised,132
recommend,5044
sleeping,5678
eat,1862
regularly,5115
drink,1806
water,6762
kidney,3373
yourself,6952
spirit,5810
whoa,6821
infusion,3135
took,6302
gleostine,2594
fellow,2283
friend,2453
rough,5351
necessary,4055
road,5322
cycle,1420
aren,335
history,2854
mom,3915
whoop,6826
as,353
dad,1430
he,2777
miserable,3858
day,1453
fine,2321
having,2774
hard,2756
watch,6758
struggle,5934
everything,2086
okay,4240
care,853
yourselves,6953
please,4588
best,565
move,3956
settled,5531
donating,1757
platelet,4582
directly,1670
donation,1758
hour,2904
modern,3902
facility,2214
american,226
red,5064
cross,1371
tv,6439
typically,6451
running,5373
netflix,4084
bring,738
dvd,1839
negatively,4063
affecting,139
willingness,6847
donate,1756
desperately,1584
needed,4059
redcrossblood,5065
html,2918
worth,6904
prayer,4672
speedy,5793
recovery,5056
interestingly,3215
constantly,1217
finding,2320
cancerous,818
multiply,3975
whenever,6809
sunburn,5997
damaged,1435
uv,6622
radiation,4946
damage,1434
necessarily,4054
painful,4385
prevents,4735
appreciate,318
pain,4384
since,5634
protecting,4836
memory,3774
store,5909
info,3128
spiking,5806
hypochondria,2946
christmas,984
actual,79
undocumented,6503
unknown,6539
issue,3289
youre,6950
clearing,1020
misunderstanding,3881
phrase,4546
kinda,3380
sound,5764
undermining,6487
added,87
routine,5356
given,2586
male,3644
hpv,2915
gardasil,2515
prevention,4734
comparable,1119
describe,1567
seem,5481
fairly,2227
knowledgeable,3398
least,3461
particularly,4427
messed,3792
period,4503
decided,1476
jab,3301
surely,6027
become,525
mutant,3988
around,343
huh,2926
individualized,3090
price,4739
afford,141
territory,6173
consider,1205
population,4630
without,6869
consent,1200
via,6687
study,5940
support,6014
experimentation,2163
sign,5610
telling,6151
give,2585
fda,2266
approve,323
pharmaceutical,4531
blanket,634
ride,5296
moderna,3903
politics,4617
dumb,1826
language,3423
precise,4679
quoting,4933
blaming,632
doctor,1738
researcher,5219
assume,379
probability,4766
somewhere,5753
within,6868
five,2339
replicated,5190
noticeable,4158
correct,1286
return,5267
misleading,3864
knowledge,3397
confirm,1179
refute,5099
description,1571
genuine,2561
ago,157
sudden,5974
miracle,3854
jump,3337
awesome,458
possibly,4642
omar,4246
guitarist,2711
mar,3680
volta,6711
nano,4014
bot,694
except,2110
logistics,3562
oh,4235
steal,5874
glory,2605
registration,5111
number,4178
bnt,660
where,6810
btn,757
stand,5846
came,812
small,5698
rnough,5319
capital,835
german,2569
state,5859
und,6478
wide,6831
partnership,4429
swiss,6072
hoffman,2864
la,3407
roche,5330
french,2448
sanofi,5411
truth,6424
bigger,584
twiddle,6443
thumb,6258
dud,1822
auto,433
ulcerative,6458
colitis,1062
expensive,2158
med,3752
surviving,6049
nurse,4182
whoever,6822
built,771
ward,6740
ml,3886
budget,765
leave,3462
mostly,3946
guess,2704
doesnt,1743
sell,5498
quite,4930
cheer,950
mainz,3636
germany,2570
located,3555
popular,4628
influencers,3126
celebrity,896
wanted,6737
executive,2126
unreachable,6557
thank,6190
served,5524
lab,3408
rat,4975
beginner,535
youtube,6956
com,1083
xpeecyjrezw,6929
regarding,5103
privatizing,4760
collectivized,1071
yeah,6937
normally,4146
found,2421
catch,872
detection,1596
limiting,3515
factor,2217
theoretically,6208
usually,6612
growth,2698
reason,5013
fails,2222
recognise,5037
area,333
studying,5941
phd,4536
specific,5784
whatever,6803
trick,6393
feed,2276
code,1054
amount,231
nutso,4187
apeshit,300
grow,2694
few,2292
dozen,1786
phenomenal,4537
evasive,2077
basically,503
train,6335
invader,3244
deal,1462
removed,5168
metastasize,3804
forward,2419
genetic,2549
modification,3904
relevant,5140
xkcd,6926
ran,4956
modify,3906
misbehaving,3857
sidestep,5605
modifying,3907
hack,2723
regular,5113
pretend,4725
spit,5812
marking,3691
reproduces,5205
uncontrollably,6476
obvious,4208
subtle,5963
chemically,954
speaking,5776
fooled,2385
autoimmune,434
becoming,527
effect,1890
obligatory,4195
kurzgesagt,3405
lmpuerlbju,3546
rogue,5336
blind,639
training,6338
natural,4032
progression,4801
word,6886
mutated,3990
born,691
bound,702
spreading,5828
tiny,6277
percent,4493
manage,3654
nephew,4079
leukemia,3480
st,5834
jude,3333
describing,1570
experimental,2162
extreme,2206
minute,3853
prep,4703
hospital,2895
worked,6890
remission,5163
literal,3535
worker,6891
paid,4383
penny,4485
truly,6416
organization,4300
stress,5922
accelerated,31
bringing,739
forefront,2397
showing,5587
absolutely,18
pay,4455
dividend,1729
looking,3571
race,4938
consumer,1222
product,4781
advancement,123
bu,759
edu,1885
drew,1804
weissman,6789
katalin,3352
kariko,3350
inside,3167
black,629
death,1466
upvoted,6592
brandnewsentence,715
old,4242
literally,3536
thebonly,6199
extra,2199
money,3922
annual,262
biannual,578
subscription,5953
beside,563
favorite,2264
restaurant,5251
longer,3567
manhattan,3661
project,4803
apollo,303
progran,4797
safe,5384
agency,152
trusting,6423
giant,2577
pile,4562
thrown,6256
mindblowing,3842
im,3000
learning,3459
programming,4796
compare,1120
biotechnology,614
ten,6158
fully,2474
sorry,5761
downer,1776
efficacy,1896
existing,2136
trail,6334
historically,2853
failed,2220
miserably,3859
mechanism,3748
action,71
perspective,4517
succeed,5966
standpoint,5850
shown,5588
pray,4671
positive,4638
hey,2827
answer,267
pulled,4876
worse,6902
lose,3578
close,1039
finish,2324
line,3518
generation,2544
bummed,773
suffering,5978
towards,6314
prove,4846
biopsy,610
delivery,1528
effectively,1892
monitoring,3924
ensure,1999
nothing,4156
extrapolation,2205
extrapolate,2204
success,5968
modality,3896
immuno,3016
oncology,4255
optimistic,4284
possibility,4640
transferred,6345
transfusion,6349
likelihood,3506
magnet,3625
student,5938
loan,3550
debt,1469
banned,487
recovering,5055
lived,3541
hahaha,2729
rich,5294
ain,169
rdy,4989
parkinson,4412
cerebral,909
palsy,4393
beating,519
preventing,4733
complaining,1135
excuse,2124
died,1635
respiratory,5240
depression,1558
put,4897
anesthetic,254
glad,2590
rushing,5376
dangerous,1441
contribution,1250
soldier,5734
definitely,1510
school,5444
clamoring,1005
understanding,6493
mental,3777
gymnastics,2717
themselves,6205
wasn,6752
somehow,5747
bi,577
weekly,6784
confusing,1188
twice,6442
vaccinated,6626
ought,4315
provide,4849
confidence,1176
widely,6832
vaxx,6658
idiot,2974
influence,3125
hold,2865
funding,2486
ignorance,2982
innovation,3155
car,846
electricity,1921
androgen,250
suppression,6023
unless,6542
spread,5827
pop,4627
tart,6116
ingredient,3138
scientific,5448
literacy,3534
country,1314
hesitation,2825
trust,6421
official,4230
worm,6897
leading,3451
key,3365
written,6919
particular,4426
prepare,4705
establish,2050
colo,1075
expect,2149
fear,2267
alive,187
lifetime,3498
putting,4899
lock,3556
door,1764
gone,2621
kicking,3371
potent,4649
vampire,6641
doubt,1773
activate,73
certain,911
crisper,1361
suggest,5986
explain,2168
apparently,305
haven,2771
lipid,3526
nanoparticle,4016
lack,3414
holding,2867
complicated,1144
puny,4882
conducted,1173
field,2303
single,5638
countless,1313
diaeases,1616
nature,4034
firstly,2332
entirely,2008
intuitive,3242
crossover,1374
responds,5245
confuses,1187
differentiate,1642
forced,2393
estimate,2051
somewhat,5752
erroneous,2042
lockdown,3557
restriction,5254
stall,5844
transmission,6362
picture,4556
coupled,1316
overcapacity,4341
health,2786
easily,1860
education,1888
soft,5729
mass,3700
respect,5238
difficult,1647
poorly,4626
understood,6496
deeply,1492
domestic,1751
educational,1889
institution,3183
teaching,6131
math,3713
outside,4331
prestigious,4723
private,4757
focus,2370
driven,1808
incentivized,3056
client,1025
drop,1812
thus,6260
loss,3580
tuition,6429
revenue,5272
stream,5918
require,5211
basic,502
obtained,4207
level,3481
degree,1518
mysterious,4002
pure,4886
witchcraft,6865
worst,6903
continually,1234
bash,501
scientifically,5449
inept,3100
invest,3252
grown,2696
powerhouse,4661
nation,4027
standard,5847
segment,5487
toward,6313
rival,5315
stared,5853
og,4234
sars,5414
mers,3787
largely,3426
ready,5001
awaiting,452
instruction,3185
cov,1320
sequenced,5514
plane,4574
pilot,4564
extraordinarily,2202
atheist,399
newer,4096
promise,4808
tool,6303
toolkit,6304
grain,2654
salt,5398
iirc,2990
alot,205
theory,6210
believe,549
alter,210
said,5391
introduce,3237
blueprint,655
creates,1348
counter,1308
encountered,1966
direct,1666
controllable,1253
biologist,600
iv,3298
paper,4401
skeptical,5656
negative,4062
happen,2749
crop,1370
nowhere,4167
component,1148
metabolized,3798
broken,749
left,3466
symptom,6077
extend,2193
lasting,3432
seen,5486
accounted,47
topic,6306
surprisingly,6037
rare,4972
slow,5691
widespread,6834
run,5370
until,6566
high,2833
quantity,4915
statistically,5866
decision,1479
whether,6814
ideally,2964
both,695
easy,1861
vulnerable,6719
everywhere,2087
recruit,5057
thousand,6242
volunteer,6713
overnight,4358
split,5814
gave,2525
waited,6726
caught,877
difference,1640
slower,5693
respond,5241
site,5646
meet,3764
criterion,1363
pompous,4622
online,4259
tumorous,6432
geared,2528
additional,94
cheaper,942
status,5869
quo,4931
dropping,1813
insurance,3189
healthcare,2787
stem,5879
risk,5311
asked,359
arm,341
wary,6750
potiential,4653
hilarious,2841
whose,6828
fraction,2428
republican,5210
devil,1610
similarity,5623
ban,479
em,1937
derived,1563
including,3062
enemy,1980
finally,2314
error,2043
begging,533
forgiveness,2406
allow,197
force,2392
afraid,144
freedumb,2446
rid,5295
win,6848
repeating,5183
occasionally,4211
mow,3961
lawn,3441
fuel,2470
haircut,2732
clean,1015
house,2906
dramatically,1794
reduces,5073
involve,3264
laser,3429
rocket,5332
misunderstood,3882
misled,3866
innoculation,3154
demonstrating,1538
biochemistry,596
rightist,5303
measles,3743
rabies,4937
polio,4612
monthly,3931
autoimmunity,435
dependent,1552
starting,5857
remotely,5166
odd,4220
advil,131
traditionally,6330
called,809
prize,4763
living,3544
diplicating,1663
wrongly,6921
law,3440
smoked,5709
drank,1795
rarely,4973
ate,397
diet,1638
ex,2096
hardly,2759
vegetable,6670
holy,2873
talk,6101
clue,1047
mainly,3629
caused,880
failure,2224
occuring,4214
increased,3072
occurring,4217
commonly,1109
during,1837
correlation,1291
unfortunate,6514
else,1933
explained,2169
regardless,5104
style,5943
talking,6104
comprehend,1154
learn,3457
background,465
biomedical,605
genomic,2556
argue,337
accept,33
trying,6426
act,69
intellectual,3197
input,3159
conversation,1261
goose,2629
golden,2619
egg,1903
affordable,142
sensible,5504
soul,5763
earth,1857
yearly,6939
payload,4460
crude,1379
analogy,238
printing,4751
press,4720
print,4749
depending,1553
shape,5545
remains,5152
encoded,1964
rna,5318
differently,1645
match,3707
recognisable,5036
impression,3040
encounter,1965
infectious,3112
hurting,2938
hydration,2942
juice,3335
carrot,861
orange,4291
melon,3769
ginger,2583
provided,4850
nausea,4036
wear,6775
sunscreen,5999
wondered,6879
learned,3458
incorrectly,3070
spf,5801
generously,2547
apply,315
matter,3717
weather,6778
season,5468
wrinkle,6915
sun,5996
shouldn,5583
hypothetically,2951
trillion,6399
unique,6529
discus,1693
nih,4118
gov,2641
event,2079
decoding,1481
course,1317
variability,6645
information,3130
helping,2809
structure,5933
lookout,3572
interval,3229
dos,1765
etc,2055
stronger,5930
weaker,6768
shorter,5579
identifying,2971
identifiable,2966
piece,4558
fun,2476
exposure,2188
recommended,5046
discomfort,1684
bro,743
video,6692
youtu,6955
battlefield,508
remember,5154
vast,6654
together,6293
weak,6767
tumour,6433
capillary,834
supply,6013
hiding,2832
defending,1500
worry,6900
solo,5737
final,2313
providing,4853
recognizing,5043
behind,544
allows,200
certainly,912
include,3059
hashimoto,2763
thyroid,6262
celiac,897
intestine,3233
untreated,6568
anywhere,298
critique,1366
sacrificed,5381
underscoring,6489
attempt,411
simple,5627
edit,1879
recovered,5054
extended,2194
receive,5023
pass,4432
tolerated,6297
eventually,2080
undergo,6482
professional,4785
ph,4529
neuroscience,4090
minimal,3846
immunology,3020
expert,2164
discussion,1696
bolster,670
strain,5913
order,4293
associated,378
cervical,914
giving,2588
adolescence,114
late,3434
teen,6142
adulthood,119
fledged,2351
general,2532
important,3034
large,3425
reduce,5071
requires,5214
hospitalization,2896
subsequent,5954
burden,775
offhand,4228
generating,2543
sufficient,5980
adult,118
contrast,1245
percentage,4494
recurrance,5062
moment,3916
generated,2541
concept,1164
exceptional,2113
emotional,1945
along,203
concern,1165
initial,3145
element,1924
agree,158
base,498
subset,5955
figure,2308
clinicaltrials,1033
ct,1386
nct,4044
correctly,1289
wider,6833
stage,5840
across,68
nsclc,4169
surprised,6035
outcome,4320
generate,2540
successful,5969
digging,1652
definitive,1513
looked,3570
highest,2835
responding,5244
cohort,1057
returning,5269
finished,2325
full,2472
loaded,3548
currently,1405
peace,4471
expanse,2146
trivialized,6406
main,3628
character,932
irradiated,3280
approaching,320
sci,5446
fi,2297
wright,6913
flight,2354
dreamt,1803
mere,3783
walk,6729
moon,3934
exceeded,2106
fathom,2259
reasonable,5014
near,4048
routinely,5357
daily,1432
picturing,4557
dystopian,1846
suffer,5976
causing,881
microplastics,3825
stopped,5906
worrying,6901
insulin,3188
occasional,4210
regulate,5117
gouged,2639
existence,2134
tuf,6428
voyaging,6718
elysium,1936
fiction,2300
view,6693
cowboy,1328
era,2034
airplane,172
itll,3296
whatsoever,6806
hep,2814
version,6681
heading,2781
hemorrhagically,2811
wealthy,6772
cv,1418
receipt,5022
leonard,3474
bone,675
mccoy,3728
elderly,1916
dialysis,1626
leg,3467
achieved,59
saying,5427
impossible,3036
labeling,3410
overdramatic,4346
scifi,5451
book,679
accidentally,39
implant,3029
patch,4440
permanently,4506
abating,3
xure,6932
induced,3094
prior,4753
coughing,1301
antiviral,287
sentence,5508
scan,5432
yep,6940
clear,1017
exclusively,2122
based,499
novel,4164
fictional,2301
chemistry,956
assist,373
task,6117
led,3464
peaceful,4472
society,5725
mood,3933
changer,928
empathize,1947
connected,1194
whatnot,6804
humankind,2931
employed,1952
cdna,891
replaces,5188
watchful,6760
waiting,6727
performed,4501
accordingly,44
option,4286
op,4266
man,3653
fact,2216
rhineland,5291
palatinate,4390
economically,1872
receiving,5025
effectivity,1894
university,6537
connection,1195
military,3834
projecting,4805
europe,2067
revolves,5284
agreed,159
robbery,5324
effort,1899
inevitably,3105
choose,976
charge,934
dose,1766
saving,5424
separate,5510
accuse,54
ups,6587
google,2628
map,3677
gps,2646
satellite,5418
operate,4271
relatively,5135
tax,6122
leveraging,3483
privately,4758
miraculous,3855
sector,5475
foundational,2422
unable,6465
gold,2618
nugget,4175
further,2493
discover,1687
present,4713
interest,3212
refining,5088
expertise,2165
backed,464
investor,3259
capacity,831
conduct,1172
invention,3249
headquarter,2784
payed,4456
euro,2066
city,999
deserve,1574
undervalued,6498
imo,3024
furthermore,2494
bunch,774
equivalent,2032
wsb,6923
partially,4420
signal,5611
teach,6129
thats,6195
tje,6283
place,4569
globenewswire,2603
en,1958
editas,1880
report,5196
preclinical,4682
robust,5329
reduction,5075
clearance,1018
engineered,1984
ink,3152
hematology,2810
meeting,3765
demonstrate,1536
proprietary,4827
ascas,356
nuclease,4173
sleek,5676
efficiency,1897
multi,3972
transgene,6350
editing,1882
enable,1959
efficient,1898
evaluation,2076
multiple,3974
selective,5493
double,1770
knock,3392
strategy,5916
allogenic,196
substantially,5962
enhanced,1988
vitro,6708
vivo,6709
reducing,5074
eliminating,1931
bearing,516
mouse,3954
potency,4648
modified,3905
continued,1236
custom,1411
purpose,4890
reverse,5274
thisll,6233
happens,2752
overestimating,4349
mentioned,3779
somatic,5743
erbb,2039
occur,4212
approximately,326
among,229
lowering,3591
sequencing,5515
parient,4410
targeting,6115
shelf,5557
mate,3710
glioblastoma,2596
constant,1216
headache,2779
seizure,5488
showed,5586
golf,2620
ball,476
sized,5652
frontal,2458
lobe,3552
shrunk,5593
killed,3374
benign,559
cyst,1424
stock,5898
globally,2601
reality,5005
progress,4798
lucky,3594
disadvantage,1674
essentially,2049
tea,6128
leaf,3452
tailored,6093
economics,1873
spend,5796
greatest,2676
impact,3025
fault,2261
equitable,2030
smaller,5699
demographic,1534
survival,6046
meaningless,3739
value,6640
craft,1333
judge,3334
game,2509
ctdna,1388
biomarker,602
resectable,5221
respectable,5239
fool,2384
opinion,4275
ruined,5367
heart,2794
plenty,4590
eliminated,1930
increasing,3073
expectancy,2150
mutates,3991
inserting,3165
chip,971
growing,2695
steadily,5873
source,5765
bruh,755
equal,2023
dinner,1660
cut,1414
dining,1659
applies,314
statement,5861
path,4444
nd,4045
solving,5742
struggling,5935
rewarding,5285
bug,766
irritatingly,3283
weaponize,6773
covids,1326
overexpressed,4350
producing,4780
endogenous,1975
primed,4746
hasn,2764
responded,5242
tragic,6332
past,4438
resulted,5256
caution,883
moving,3960
america,225
luckily,3593
ton,6299
incredibly,3076
myeloma,3998
remarkable,5153
sliding,5684
frail,2432
second,5470
window,6850
zero,6962
specie,5783
intelligent,3199
survive,6047
reproduce,5203
dumbs,1827
sick,5599
selection,5492
smart,5701
throughout,6253
despite,1585
generally,2539
grandma,2660
translated,6356
glass,2592
available,443
indiscriminately,3088
blue,654
iq,3275
required,5212
avoiding,450
hilariously,2842
retrospect,5266
vaxxism,6662
leak,3453
sadly,5383
afterwards,146
vaxxing,6661
sentiment,5509
lung,3604
continues,1237
smoke,5708
pack,4381
pity,4567
empathy,1948
worthless,6905
ah,161
draw,1797
undraw,6505
mod,3895
promoted,4811
empathetic,1946
reddit,5066
mystery,4003
pinpoint,4565
invasive,3246
ductal,1821
carcinoma,850
idc,2962
heritable,2820
strictly,5926
prion,4752
looser,3575
distinct,1715
serf,5518
visible,6702
wart,6748
quote,4932
transmissible,6361
animal,256
kingdom,3382
tasmanian,6118
epidemic,2017
transmitted,6364
biting,621
originally,4306
unrecognizable,6559
evade,2070
parasite,4407
canine,823
venereal,6674
original,4305
native,4030
north,4147
dog,1744
breed,728
coyote,1331
ancestry,245
diverged,1725
unicellular,6521
organism,4299
syrian,6082
hamster,2738
three,6247
dollar,1749
compared,1121
survived,6048
commercialize,1102
hadn,2726
financing,2318
godawful,2615
lastly,3433
perfect,4497
hugely,2925
scalable,5428
societal,5724
fairness,2228
demonstrated,1537
pro,4764
plague,4571
impressed,3039
acknowledged,62
breakthrough,725
foresight,2400
terrible,6169
justification,3343
skepticism,5657
evidence,2088
careless,857
horrific,2890
catching,873
unvaccinated,6571
obviously,4209
rudimentary,5364
molecular,3912
class,1010
delete,1523
account,45
forgetting,2404
remembered,5155
posted,4644
useful,6606
joke,3326
brightside,736
hurt,2937
tbh,6126
confirmation,1180
bias,579
conspiracy,1214
minded,3843
laughed,3439
deep,1491
resist,5230
insertion,3166
discovered,1688
wikipedia,6838
wiki,6837
severe,5536
acute,82
syndrome,6078
founded,2423
swine,6069
liposomal,3527
non,4134
prescription,4711
supplement,6011
encasing,1961
micro,3820
particle,4425
absorption,20
confused,1186
obesity,4192
starvation,5858
meanwhile,3742
sits,5647
transmisable,6359
raise,4952
tends,6162
offspring,4232
poor,4625
transmissable,6360
addressed,97
urgency,6597
dealt,1464
exponentially,2186
motivation,3950
vote,6715
draft,1789
narrative,4020
overcome,4342
merely,3784
pointing,4607
face,2211
local,3553
board,661
curriculum,1406
south,5767
traitor,6339
slavery,5674
landing,3421
slide,5681
political,4613
secretary,5473
decides,1477
betsy,570
devos,1611
destroyed,1588
desk,1582
stood,5903
tenure,6164
wayyyyyyy,6765
backwards,466
politically,4614
misguided,3860
curated,1396
christian,983
parochial,4414
entire,2007
lunacy,3601
misinformation,3861
office,4229
snarky,5715
answered,268
rigor,5305
manner,3668
outlawing,4323
banning,488
highly,2836
processed,4774
food,2383
exercise,2128
killer,3375
rolled,5339
misunderstand,3880
conscious,1197
sting,5897
figured,2309
assumed,380
cynicism,1422
capitalism,836
adapted,85
ranting,4969
overlap,4352
theorist,6209
theme,6203
circle,994
fly,2368
ulterior,6459
motive,3951
sterilizing,5886
dude,1823
fossil,2420
skeleton,5654
infecting,3110
power,4658
regulated,5118
yours,6951
dismiss,1701
valid,6634
totally,6310
incorrect,3069
assertion,370
cfr,918
ifr,2979
nonsensical,4139
mistrust,3879
universal,6533
mm,3887
hilarity,2843
enter,2001
equation,2027
self,5495
exterminate,2197
dehumanizing,1519
censoring,901
disagree,1675
tried,6397
tactic,6087
democracy,1533
forcing,2395
citizen,998
bright,735
broad,744
plan,4573
miss,3871
attention,416
occurs,4218
timescales,6273
grand,2655
scheme,5441
pull,4875
absolute,17
horrifying,2891
doubling,1772
freaking,2441
wringing,6914
hand,2739
faith,2229
comparison,1123
ppl,4662
asymptomatic,394
mild,3831
vehicle,6673
mainstreaming,3631
skeptic,5655
fl,2343
ny,4189
bout,703
cruise,1381
ship,5564
major,3637
fail,2219
assign,372
explanation,2172
sarcasm,5412
wrecklessly,6912
prolong,4806
fund,2481
desire,1580
betterment,572
addressing,98
bio,594
chemist,955
perfectly,4498
newton,4103
cared,854
substantial,5961
waste,6753
resource,5237
cdc,890
epidemiologist,2018
unanimously,6469
loose,3574
effectiveness,1893
disappointment,1681
follow,2380
listen,3530
neoantigens,4077
production,4782
hijacked,2840
neogantigen,4078
active,75
asking,360
qualified,4909
simulation,5632
ncbi,4041
nlm,4126
pmc,4601
monoclonal,3925
role,5337
passive,4436
percolate,4496
downside,1780
asbestosis,355
mercury,3782
hat,2766
forget,2403
international,3223
basis,504
refined,5086
calling,810
item,3293
immunoresponse,3021
define,1507
terry,6176
fox,2426
teenager,6143
attempted,412
canada,815
shortly,5580
marathon,3681
stated,5860
raiser,4953
inspired,3172
fatal,2254
amputated,235
etsy,2063
today,6291
institute,3182
tomorrow,6298
recall,5019
suntan,6001
lotion,3583
waaay,6721
hot,2900
sleeve,5679
closer,1041
equator,2028
fry,2464
tanning,6110
salon,5397
bed,528
session,5527
repeated,5181
blown,653
grew,2681
religiously,5146
fourth,2425
mine,3845
ear,1849
upper,6583
thigh,6226
scenario,5437
row,5358
speculating,5790
guessing,2705
presence,4712
unhealthy,6518
shedding,5555
replaced,5186
below,551
top,6305
affect,137
weren,6795
inflamed,3117
speculation,5791
chime,968
severely,5537
uncomfortable,6473
annoying,261
basket,505
indication,3087
stuck,5936
encouraging,1968
translate,6355
rendered,5172
infertile,3114
absorbed,19
gamma,2513
qualify,4910
superhero,6005
station,5863
flying,2369
plume,4597
insta,3174
guarantee,2702
gravity,2671
atrophy,406
colonization,1077
solar,5732
feasible,2268
mid,3827
wrote,6922
story,5911
check,944
admittedly,112
slab,5671
technological,6139
magic,3623
imagined,3006
adequately,100
communicate,1112
internet,3224
computer,1159
mb,3727
ethernet,2056
wired,6859
residential,5228
display,1704
size,5651
processing,4775
device,1609
granted,2665
unimaginable,6523
telephone,6146
submitted,5948
grade,2650
handwritten,2743
maaaaybe,3613
typed,6448
electric,1919
typewriter,6449
cable,796
although,213
atari,396
mcdonald,3729
monopoly,3927
ne,4047
dial,1624
clicked,1024
channel,930
remote,5165
eighty,1910
phone,4543
dream,1802
scoff,5452
imagination,3004
apart,299
mammal,3652
envision,2013
walking,6732
probe,4768
voyager,6717
edge,1877
galaxy,2507
robot,5326
onto,4263
atmospheric,400
thunk,6259
spending,5797
plastic,4579
rectangle,5060
gif,2578
reposted,5199
millionth,3840
arrow,347
icon,2959
blow,651
bros,751
ft,2465
distance,1713
foot,2386
ace,57
aerial,134
dogfight,1745
european,2068
ww,6924
hoverboards,2909
jetbacks,3313
holodecks,2872
invisibility,3261
cloak,1035
teleporters,6147
colony,1079
surpass,6033
expectation,2151
fall,2231
simpler,5628
changed,927
dialy,1625
beautifully,521
mindset,3844
guaranteed,2703
largest,3428
culture,1394
span,5772
boomer,684
larger,3427
father,2258
leaving,3463
civil,1001
traveled,6376
oregon,4296
covered,1323
wagon,6724
wherever,6813
communication,1113
inconceivable,3066
cusp,1410
keeping,3357
crossed,1373
goosebump,2630
politician,4615
achieve,58
opposite,4278
ideology,2973
boogeyman,678
motivating,3949
dead,1460
inch,3058
royal,5359
navy,4039
accurate,51
cannon,825
piston,4566
bam,478
industrial,3095
revolution,5282
insane,3161
orville,4309
liven,3542
supersonic,6010
optimism,4283
energy,1981
nuclear,4172
fusion,2495
becomes,526
measure,3744
anecdotally,252
discovery,1689
arrives,346
whereas,6811
decreasing,1485
counterpoint,1312
special,5777
metamaterials,3800
welding,6791
preview,4736
inspiration,3171
invent,3247
visualize,6706
fantastical,2239
star,5851
trek,6384
communicator,1114
glimpse,2595
perhaps,4502
explosion,2184
daydream,1455
beginning,536
global,2600
unlimited,6545
instant,3177
exchange,2117
improving,3048
leap,3455
settle,5530
continuous,1240
costing,1298
accelerate,30
corona,1280
documentary,1739
qxx,4934
rcxblg,4987
summarizes,5994
diagnostics,1622
humanity,2930
manageable,3655
majority,3638
driving,1810
buzz,792
aldrin,180
passed,4433
ehhh,1908
unlikely,6544
category,875
surprise,6034
physic,4548
super,6002
collider,1073
popularized,4629
context,1232
abe,7
lincoln,3517
telegraph,6145
washington,6751
dc,1457
west,6797
california,807
email,1939
personal,4511
yea,6936
steep,5876
curve,1409
exponential,2185
sooo,5757
revelation,5271
breaking,724
meh,3767
advance,121
protected,4835
refers,5084
lighting,3502
cigarette,991
minimally,3847
forecast,2396
subtraction,5964
slightly,5686
combination,1087
model,3899
fold,2374
formulate,2414
exact,2097
technical,6136
versatility,6679
cheap,941
shed,5554
clonality,1036
reversion,5276
dominant,1752
rinse,5308
stable,5836
cured,1400
wave,6763
medium,3763
reported,5197
potato,4647
sexy,5541
headline,2782
journal,3329
paywalls,4465
academia,27
de,1459
default,1493
file,2311
pennsylvania,4484
pdf,4469
user,6609
operation,4273
manufacturer,3674
eu,2064
contributor,1251
breakdown,722
johnson,3322
purely,4887
astrazeneca,388
oxford,4375
novax,4163
gsk,2701
confidently,1178
false,2232
burst,783
bubble,760
happening,2751
wealth,6770
pocket,4603
overarching,4338
expands,2145
involves,3266
understatement,6495
researched,5218
funded,2484
national,4028
laboratory,3412
silicon,5619
valley,6638
tight,6267
complex,1142
myth,4004
broadly,745
purport,4889
practice,4666
priority,4756
maturity,3720
asset,371
predatory,4684
capitalist,837
shared,5547
horrible,2889
fr,2427
kaposis,3349
sarcoma,5413
kaposi,3348
aid,165
modulating,3908
prednisone,4693
remove,5167
lingering,3521
wipe,6855
slate,5673
identify,2970
remaining,5151
protection,4837
anywaya,296
cytokine,1425
storm,5910
introducing,3239
material,3711
regulatory,5121
unforeseen,6513
attacking,409
actively,76
concerned,1166
craniotomy,1335
swelling,6067
hence,2812
therefore,6217
complement,1137
cocktail,1053
dendritic,1541
breeding,729
habe,2720
expressed,2190
er,2033
pr,4663
receptor,5028
difficulty,1648
machinery,3617
pathogen,4445
regulatation,5116
nasty,4026
marrow,3693
transplant,6366
lasted,3431
momentum,3918
testing,6182
biggie,586
linked,3524
prairie,4669
rockies,5335
anyones,293
explaining,2170
huff,2922
plutonium,4599
neat,4052
rabbit,4935
hole,2869
various,6652
social,5721
overwhelmingly,4367
alternative,212
purifying,4888
fascinating,2248
play,4585
lie,3494
audience,422
mess,3789
eating,1863
vastly,6655
mainstream,3630
oregano,4295
oil,4238
rail,4951
shortage,5577
promote,4810
organizer,4302
layman,3445
disprove,1705
confident,1177
pseudo,4857
authority,430
gullible,2712
gathered,2521
fence,2286
religion,5145
spiritual,5811
sin,5633
manifestation,3664
doc,1735
practicing,4668
cali,805
causation,878
interpret,3225
logic,3560
lying,3607
doggedly,1746
nursing,4183
admit,110
practically,4665
overdose,4344
morphine,3942
intubation,3241
fake,2230
physically,4550
suffocating,5984
oxygen,4376
knocked,3393
drowning,1814
reflex,5089
suffocated,5983
nut,4184
insanity,3163
playbook,4586
detail,1591
counterhate,1311
andreproduce,249
surreal,6038
wing,6851
genocide,2554
received,5024
mark,3684
beast,517
protects,4838
technically,6137
crossbow,1372
bolt,671
bullet,772
wound,6909
instance,3176
referring,5083
barring,497
cannot,826
standing,5849
fit,2336
envisioning,2014
opportunity,4276
gladly,2591
stepping,5883
gained,2506
grandchild,2656
childhood,967
random,4957
redditor,5067
bite,620
nail,4007
habit,2721
dirt,1671
town,6316
mask,3697
gotten,2638
genuinely,2562
worried,6899
sad,5382
uneducated,6506
imaginable,3002
romanticize,5343
civilization,1002
shutdown,5595
closing,1043
content,1230
guide,2707
metaphor,3801
overtime,4364
tho,6234
personality,4513
loading,3549
caseloads,866
fwiw,2500
smartest,5702
completed,1139
january,3307
february,2272
ludicrous,3597
allocated,194
cover,1321
overlapping,4353
load,3547
undertake,6497
equivalence,2031
strawman,5917
carcinogen,847
intentionally,3207
pumped,4879
environment,2011
buy,790
asbestos,354
kn,3389
warm,6741
downvoted,1782
spitting,5813
strange,5914
crowd,1376
wearing,6777
soon,5755
asks,361
proven,4848
unwillingness,6574
recommends,5047
changing,929
laugh,3437
variant,6647
adjusted,103
ventilator,6677
reeeeeeeeeee,5076
seat,5469
belt,552
accident,38
clearly,1021
babble,461
wane,6735
acquired,66
leverage,3482
biological,599
inigo,3144
montoya,3932
represent,5200
depends,1554
analysing,239
reproducing,5206
chunk,989
uniquely,6530
adverse,127
requirement,5213
analysis,240
fingerprint,2323
react,4994
recognised,5038
updated,6578
emulate,1957
adjust,102
lifestyle,3497
lifespan,3496
aware,454
reminder,5160
young,6947
goog,2627
british,742
brian,733
diffey,1646
evaluated,2074
sold,5733
average,446
uva,6623
ray,4983
beat,518
joshua,3328
zeichner,6961
york,6945
dermatologist,1564
coverage,1322
spectrum,5789
united,6532
published,4872
academy,29
dermatology,1565
met,3794
claiming,1004
smell,5703
cleanse,1016
trivial,6405
female,2285
searched,5466
pollution,4618
nicely,4110
mining,3849
bleeding,637
mouth,3955
stayed,5871
illusians,2996
terrans,6168
belters,553
strength,5921
referenced,5080
acceleration,32
burn,782
alien,183
dang,1439
believable,548
bitten,622
rabid,4936
nuisance,4176
holden,2866
poisoning,4610
liquefying,3528
naomi,4018
bypass,794
safety,5389
machine,3616
survivable,6045
fist,2335
landed,3420
aviation,447
propulsion,4828
ti,6263
managed,3656
reusable,5270
combat,1086
thankful,6191
fro,2455
intact,3193
focused,2371
singular,5639
staggering,5841
baseline,500
petty,4527
aside,357
concentrate,1162
timeframe,6271
blame,631
obama,4191
fixing,2342
immigration,3012
billionaire,591
subsidy,5959
tbf,6125
frank,2437
shirley,5565
empty,1956
returned,5268
battery,506
astronomical,391
powered,4659
toy,6319
performance,4500
rc,4985
room,5345
chase,939
controller,1255
drone,1811
mile,3832
send,5501
acrobatics,67
gen,2530
millenials,3836
geographic,2563
informati,3129
cdroms,892
mobile,3892
dowoad,1784
detailed,1592
complete,1138
photo,4545
mapping,3679
streetview,5920
amountof,232
unit,6531
allowing,199
undersell,6490
genshin,2560
nswc,4170
crysis,1384
demo,1532
skyrim,5669
heavily,2799
modded,3897
reminded,5159
denver,1547
micky,3819
forty,2417
grocery,2687
night,4116
neighborhood,4070
chair,921
floor,2361
stare,5852
round,5354
screen,5457
playing,4587
hbo,2776
organized,4301
crime,1356
scratch,5453
offs,4231
woo,6882
birthday,617
journey,3331
passion,4435
awed,457
imaging,3007
saskatchewan,5416
village,6696
chipped,972
television,6149
televised,6148
gemini,2529
mission,3875
ungodly,6516
antenna,270
tower,6315
pick,4553
nearest,4050
transmitter,6365
function,2477
calculator,803
buying,791
sliderules,5683
crutch,1382
impeded,3027
calculation,802
skill,5661
immediately,3009
equated,2025
hanging,2746
front,2457
classroom,1014
demonstration,1539
texas,6184
instrument,3186
sr,5832
programmable,4794
sliderule,5682
wearethemutants,6776
followed,2381
vic,6689
tape,6111
storage,5908
included,3060
hobbyist,2861
programmer,4795
trainer,6337
phoned,4544
aunt,425
palm,4392
vision,6703
music,3984
suppose,6017
endless,1973
iteration,3294
contact,1224
lense,3473
shine,5562
optic,4280
nerve,4081
inspiring,3173
doom,1762
frailty,2433
ego,1904
astronaut,390
land,3419
historical,2852
credit,1353
attitude,418
egomania,1905
corruption,1293
extinct,2198
limitation,3513
discriminating,1692
ethnicity,2062
president,4719
nasa,4022
hubris,2921
derail,1560
framed,2434
cautionary,884
tail,6091
fatalism,2255
nihilism,4119
guilty,2709
failing,2221
accomplishing,42
dare,1444
announced,258
darpa,1446
identical,2965
described,1568
astrophysicist,393
miguel,3830
alcubierre,179
mathematically,3715
tan,6107
infancy,3106
luminc,3599
exploring,2183
universe,6536
aging,156
japanese,3309
heck,2800
fair,2225
easiest,1859
troublesome,6412
proved,4847
einstein,1911
theoretical,6207
extremetech,2208
havent,2772
theyre,6224
ignition,2981
announcing,259
rant,4968
creation,1350
nif,4115
considering,1209
sooner,5756
exploration,2180
hubble,2920
insanely,3162
observable,4200
jwsp,3345
affected,138
mechanization,3750
manual,3670
automation,439
route,5355
upswing,6590
mastery,3706
biology,601
ageing,151
opt,4279
grandparent,2663
missed,3872
replace,5185
complication,1147
eg,1901
barrier,496
biomarkers,603
interacts,3211
defeating,1496
appropriate,321
prescribed,4708
hah,2727
enthusiast,2006
software,5730
designer,1579
appear,307
defective,1498
convinces,1266
checkpoint,947
passport,4437
pd,4467
dive,1724
acting,70
copy,1277
impostor,3038
marker,3686
attached,407
learns,3460
ignoring,2986
website,6780
brilliant,737
recover,5053
spent,5799
donor,1760
isolated,3287
lethal,3478
slowly,5695
compromised,1157
wishing,6863
accomplish,41
investment,3258
inventor,3250
owner,4371
safemade,5387
papa,4400
royalty,5360
emotion,1944
business,785
birth,616
metric,3811
fuckton,2469
municipality,3980
bn,659
hefty,2803
corporate,1283
culprit,1391
nationalist,4029
stole,5900
antique,282
economist,1874
deciding,1478
prioritized,4754
kintara,3384
tank,6109
dy,1841
payer,4457
negotiating,4068
lower,3590
symbiotic,6075
relationship,5133
malicious,3646
psoriasis,4859
grocer,2686
throwing,6255
evading,2072
herpesvirus,2823
upregulate,6584
immunodeficiency,3017
friendly,2454
recommendation,5045
david,1452
france,2435
environmental,2012
ai,164
alphafold,206
identification,2967
membrane,3772
search,5465
differentiates,1643
rise,5309
express,2189
assumption,382
messenger,3793
grabbed,2648
drag,1790
attended,415
conference,1175
defer,1503
eliminate,1929
hesitate,2824
tetanus,6183
sleep,5677
instilled,3181
entity,2009
dislike,1700
bugged,767
longitudinal,3568
pancreatic,4397
ctc,1387
prevalent,4728
panel,4399
exomic,2140
rearrangement,5012
distinguish,1717
cfdna,916
aha,162
extract,2200
amplify,234
mutational,3994
monitor,3923
detectable,1594
advantage,125
extensive,2195
library,3489
rote,5348
primer,4747
eradicated,2036
sample,5402
weaponized,6774
vaccinates,6627
pakistan,4389
afghanistan,143
exceedingly,2107
treatable,6379
emphasizing,1950
calculus,804
statistic,5864
labor,3411
engineer,1983
oriented,4304
marketer,3689
psychologist,4864
pushed,4895
wall,6733
secure,5476
maintaining,3634
wartime,6749
climate,1026
activator,74
costimulation,1297
cd,889
hypothesized,2949
hypothesis,2948
held,2805
tragically,6333
hospitalized,2897
plate,4580
signing,5618
clinician,1034
redesign,5070
outweigh,4333
fifth,2304
avenue,445
promoting,4812
football,2387
comedian,1091
goofy,2626
famously,2236
functioning,2480
susceptible,6053
multitude,3977
defining,1509
freaky,2442
bugger,768
glitch,2597
matrix,3716
lil,3510
hijack,2839
integrate,3194
glitched,2598
boom,683
communicable,1111
um,6461
knowingly,3396
refusing,5098
denial,1542
morality,3936
choosing,977
negligible,4066
morally,3937
deliberately,1525
jesus,3312
christ,982
hook,2880
admitted,111
joking,3327
vaers,6631
bogus,667
legitimate,3469
checked,945
whopping,6827
schizophrenia,5442
antivaxxer,285
mother,3947
incurable,3080
sane,5408
overloading,4355
obsessed,4203
selfishly,5497
reserved,5224
reply,5194
oracle,4290
argument,340
muster,3987
globe,2602
harmed,2760
nor,4142
collapsed,1065
incomprehensible,3065
whove,6829
prof,4784
delusional,1530
paranoid,4405
freak,2440
experienced,2160
sore,5760
turned,6437
icu,2960
breached,720
surrendering,6039
bodily,663
autonomy,441
contributes,1248
socialist,5722
parsimonious,4416
dump,1829
poison,4609
greedy,2679
chemical,953
hellbent,2806
actor,78
convoluted,1267
nefarious,4061
comic,1093
selfish,5496
egotistical,1906
reevaluated,5077
hurry,2936
grab,2647
gamestop,2511
nfts,4105
contract,1241
ie,2977
combined,1088
masking,3699
crowding,1377
indoors,3093
corpse,1285
messaging,3791
lift,3499
downvoting,1783
hoe,2863
worldwide,6896
poverty,4656
alleviates,193
prioritizes,4755
dumped,1830
infrastructure,3133
quality,4913
nope,4141
offered,4226
masse,3702
ive,3299
transmit,6363
functional,2478
reliable,5142
chemestry,952
trolling,6409
licensed,3492
critical,1364
amazingly,220
intensive,3204
unaffordable,6468
uselessness,6608
likelier,3505
indoor,3092
minor,3850
schweigerderm,5445
essay,2048
kurzweil,3406
laid,3415
linear,3519
viewing,6695
reasonably,5015
anticipate,275
mistake,3877
compound,1151
upon,6582
distant,1714
horizon,2886
motor,3952
anesthesia,253
estimation,2053
subjective,5946
quantify,4914
transistor,6352
density,1545
century,907
fixed,2341
spelling,5795
formatting,2412
operable,4270
usable,6602
blowing,652
versus,6682
testament,6179
sent,5507
men,3775
unlock,6546
groundwork,2692
robert,5325
goddard,2616
began,532
building,770
orbital,4292
initially,3146
headlined,2783
karman,3351
accepted,35
russia,5377
kicked,3370
competition,1132
overdrive,4347
rocketry,5334
tying,6446
evolution,2090
thesis,6220
summary,5995
cumulative,1395
preceding,4677
enabled,1960
digital,1653
engineering,1985
productive,4783
genetics,2551
dominated,1753
assisted,376
sophistication,5758
cube,1390
shooting,5573
serve,5523
moin,3911
rationale,4980
valuable,6639
aspect,363
arrive,344
outpost,4327
charger,936
discharge,1682
recharging,5031
trickle,6394
seemed,5482
crappy,1337
decent,1473
parking,4411
recharge,5030
fueled,2471
enterprise,2003
multidisciplinary,3973
interlinked,3219
distribution,1720
cultural,1393
handy,2744
repair,5177
steam,5875
engine,1982
diesel,1637
delicate,1526
chain,920
millennials,3837
forum,2418
laying,3444
electronic,1923
cloud,1046
embraced,1941
arrived,345
wood,6883
highschool,2837
nokia,4132
candybar,822
emergency,1942
spinach,5808
snake,5714
behavioral,542
iphone,3273
stark,5854
assembly,369
automobile,440
rolling,5340
ce,893
college,1072
gaming,2512
pc,4466
exception,2112
july,3336
brand,714
trusted,6422
philosophy,4542
ended,1970
sake,5393
watching,6761
mature,3718
alongside,204
interact,3209
collapse,1064
ruin,5366
extent,2196
record,5050
western,6798
recognized,5041
privileged,4761
gestalt,2571
ourselves,4318
singularity,5640
romanticized,5344
pax,4453
romana,5342
renaissance,5170
predicted,4688
tablet,6086
odyssey,4222
zkt,6965
zydma,6972
eats,1864
mcrib,3730
anecdotal,251
rushed,5375
knee,3390
pressuring,4722
divide,1728
hormone,2887
von,6714
braun,716
co,1050
captured,844
russian,5378
soviet,5768
physician,4551
pointed,4605
spontaneously,5822
thc,6196
shortening,5578
telomere,6152
forgot,2408
ze,6960
zey,6963
zat,6959
department,1550
wernher,6796
refrigeration,5094
electrical,1920
tall,6105
sanitation,5409
economic,1871
output,4328
telegram,6144
skyscraper,5670
centrism,906
plumbing,4596
consistent,1211
outset,4330
air,170
attainable,410
deliver,1527
construct,1218
individually,3091
studied,5939
confirmed,1181
prophylactic,4821
foreign,2398
escape,2044
suffice,5979
stimulate,5895
suite,5992
detected,1595
mount,3953
introduced,3238
revers,5273
pivot,4568
oncogenic,4252
design,1577
pathway,4447
fundamentally,2483
flip,2356
battle,507
aggressively,155
became,522
resistant,5232
metastasized,3805
limitless,3516
vaccinating,6628
paragraph,4404
cousin,1319
count,1307
hereditary,2819
aged,150
demonic,1535
astrocyte,389
ill,2991
cruel,1380
weight,6786
dairy,1433
farmer,2244
weighs,6785
pound,4654
presently,4716
imposter,3037
un,6464
interpretation,3226
subreddits,5950
trump,6417
thread,6243
peopel,4487
prasising,4670
former,2413
overproduction,4359
reproduction,5207
lamest,3418
wolverine,6875
regeneration,5105
illustrates,2999
elaborate,1915
failsafes,2223
checking,946
break,721
medication,3759
modulators,3910
suppresants,6020
prone,4815
sjogrens,5653
predisposes,4692
hodgkin,2862
lymphoma,3611
mistaken,3878
green,2680
fruit,2460
explains,2171
depth,1559
philip,4541
dettmer,1601
amazon,221
uk,6456
gorgeously,2633
illustrated,2998
dp,1787
kurzegesagt,3404
listened,3531
audible,421
grasp,2669
fundamental,2482
reactive,4997
overaggressive,4336
calm,811
idk,2975
thymus,6261
algorithm,182
determine,1597
binding,593
affinity,140
mhc,3816
tagret,6090
prediction,4690
expeirmental,2155
region,5108
behaves,540
fashion,2250
damaging,1436
meaning,3736
secondary,5471
portion,4633
unregulated,6560
foe,2373
appears,308
handful,2740
profile,4787
unexpected,6510
predictable,4687
eh,1907
practical,4664
similarly,5624
independent,3082
evaded,2071
evolve,2091
threat,6244
tricky,6395
host,2898
derivative,1562
advice,130
unlike,6543
practiced,4667
ours,4317
correlated,1290
croat,1368
serb,5517
ethnically,2061
earnest,1855
fetishize,2291
apocalyptic,302
rapid,4970
mitigation,3884
earliest,1851
acceptable,34
flation,2348
disruption,1710
overdoses,4345
suicide,5989
authoritarian,429
fascism,2249
glued,2607
habituated,2722
prefer,4695
liberty,3488
baby,462
powder,4657
malice,3645
incompetence,3064
irrelevant,3281
decide,1475
deicsion,1520
open,4267
vecto,6664
vector,6665
hacker,2724
injected,3149
akin,175
avoided,449
chicken,965
specifies,5787
fatality,2257
mortality,3943
crack,1332
referencing,5081
dipshit,1665
nan,4012
grandfather,2657
earlier,1850
precisely,4680
venn,6675
diagram,1623
winger,6852
thankfully,6192
fix,2340
stacking,5837
conjecture,1192
nightmare,4117
raw,4982
caput,845
justbfine,3341
occurance,4213
proving,4855
blocked,646
classic,1011
dunning,1831
kruger,3402
compounding,1153
elite,1932
king,3381
queen,4918
improvement,3046
wise,6860
thomas,6235
kuhn,3403
writing,6918
gradual,2651
accumulate,49
paradigm,4403
shift,5561
shining,5563
psychological,4863
describds,1566
predict,4686
errand,2041
computing,1160
remembering,5156
recorded,5051
belief,547
solve,5739
demonstratively,1540
division,1731
outward,4332
hatred,2768
conform,1185
owe,4368
expand,2142
apple,309
comprehensible,1155
anymore,291
spycraft,5829
slack,5672
theverge,6221
platform,4583
amp,233
china,970
joint,3324
union,6528
pda,4468
crosspad,1375
note,4154
notepad,4155
underneath,6488
pen,4482
plug,4594
serial,5519
download,1777
ocr,4219
handwriting,2742
text,6185
sketch,5658
resolution,5234
whiteboards,6819
printer,4750
inflection,3122
portable,4632
laptop,3424
infinitely,3116
walkie,6731
talkie,6103
captian,841
kirk,3385
credited,1354
bookshelf,682
woken,6873
overwhelmed,4365
representation,5201
throw,6254
ebook,1866
reader,4999
nickel,4113
cadmium,797
nicd,4108
discharged,1683
metal,3799
hydride,2943
nimh,4120
lithium,3537
ion,3270
li,3485
thermal,6218
runaway,5371
pierced,4559
seemingly,5484
fire,2327
yup,6958
gross,2688
minimum,3848
wage,6722
newest,4097
flagship,2345
programmability,4793
desired,1581
measured,3745
lunch,3603
tinker,6275
labour,3413
cat,869
trade,6327
sterilized,5885
pliant,4591
compensate,1127
brutal,756
fittest,2337
regress,5112
harmful,2761
eradicate,2035
traveller,6377
plow,4593
ox,4374
fifty,2305
flushing,2367
toilet,6294
informative,3131
customize,1413
punch,4881
mutating,3992
rapidly,4971
mma,3888
stick,5889
touch,6311
counterfeit,1310
destroying,1589
ssrn,5833
sol,5731
cfm,917
abstract,21
id,2961
obsolete,4206
commonplace,1110
griping,2685
temporary,6157
margin,3683
realm,5009
incentive,3054
hobby,2860
pour,4655
frequently,2449
puzzle,4900
exists,2137
equally,2024
unlearn,6540
tired,6280
misinterpreted,3863
realistic,5003
fetched,2290
questioning,4921
discouraging,1686
ignored,2984
unlucky,6547
microglia,3823
macrophage,3618
inability,3052
complicates,1145
crc,1344
kras,3400
pik,4561
ca,795
bard,490
stretch,5925
link,3523
immunized,3015
herd,2817
eradication,2037
awful,459
heroic,2822
redemption,5069
arc,331
bla,628
hoping,2885
coherent,1056
cathartic,876
impulsive,3049
urgent,6598
listening,3532
curfew,1401
tyranny,6452
communism,1115
vaxxed,6659
sampling,5403
conveneintly,1257
ignores,2985
boo,677
cult,1392
trumpism,6420
grift,2683
tangent,6108
inflation,3121
picked,4554
chose,979
endocrine,1974
disrupters,1709
toxic,6317
furniture,2492
sit,5645
scrutiny,5463
slip,5688
winning,6854
propaganda,4818
sinker,5642
ruining,5368
persuasion,4518
headed,2780
decrease,1483
willingly,6846
anon,265
supporting,6016
maniac,3662
hunt,2934
abortion,13
capitol,839
elect,1917
donald,1755
emperor,1949
leader,3450
accountable,46
gain,2505
stopping,5907
delta,1529
duped,1833
rig,5301
rollout,5341
madvillains,3621
klaus,3388
shwab,5597
jerome,3311
hauer,2769
epstein,2022
leslie,3476
wexner,6801
bos,693
accused,55
committed,1105
planet,4575
supposed,6018
himself,2845
malone,3650
administration,107
criminal,1357
exiled,2131
goalpost,2614
goal,2613
opposed,4277
fauci,2260
march,3682
statistical,5865
improbability,3042
boy,708
graphic,2668
preacher,4674
recent,5026
signifies,5617
medieval,3762
drifting,1805
yesterday,6942
zone,6969
regard,5102
begun,538
retreat,5264
conservatism,1203
observe,4201
luxurary,3605
obsolescence,4205
privatized,4759
progressing,4800
unexplored,6511
savagery,5420
humanitarianism,2929
slingshot,5687
megaton,3766
bomb,672
adorno,117
civ,1000
transporter,6368
replicators,5193
beam,513
trash,6372
net,4083
replicate,5189
awareness,455
impediment,3028
normalized,4145
devoting,1612
detract,1599
stagnate,5843
plateau,4581
viewed,6694
interactive,3210
increasingly,3074
transcend,6343
aerodynamic,135
augmented,424
intelligence,3198
counterargument,1309
ingenuity,3136
legitimately,3470
unconnected,6475
specialization,5780
niche,4112
slew,5680
organic,4298
biochemist,595
compounded,1152
inertia,3102
investigate,3254
utilizes,6617
mocked,3893
william,6844
coley,1061
examined,2103
lone,3565
unacceptable,6466
swear,6063
refrigerator,5095
reliability,5141
feature,2270
suspicion,6056
pricey,4741
artvan,352
willey,6843
nebraska,4053
mart,3695
construction,1219
chicago,964
skyline,5668
brought,753
truck,6413
sears,5467
concrete,1168
conduit,1174
stud,5937
drywall,1818
astounding,386
bridge,734
cook,1268
freezer,2447
sat,5417
expiration,2166
menu,3780
recipe,5032
meal,3734
dot,1769
entry,2010
terribly,6170
talented,6100
web,6779
fell,2282
select,5489
intend,3201
broccoli,746
cheese,951
casserole,867
docile,1737
extraordinary,2203
disregarded,1708
wormhole,6898
mathematical,3714
predicts,4691
supported,6015
contacted,1225
interview,3232
numerical,4181
manifest,3663
premise,4701
analog,237
parlance,4413
liked,3504
biden,582
funny,2490
dished,1699
atom,402
dividing,1730
hair,2731
follicle,2379
gut,2715
aimed,168
capture,843
malady,3643
siddhartha,5603
mukherjee,3971
pulitzer,4874
digestible,1651
transform,6347
perception,4495
abstracted,22
nuanced,4171
team,6132
float,2360
surveil,6042
landscape,3422
pattern,4451
previous,4737
microbial,3821
invasion,3245
ancestral,244
surveillance,6043
patrol,4449
alarm,178
cascade,864
hq,2916
database,1449
reference,5079
likewise,3508
unremember,6562
removing,5169
anomaly,264
maintaince,3633
sniping,5717
terrorist,6175
tendency,6161
amongst,230
terrorism,6174
anyways,297
inflammatory,3119
vaguely,6633
resembles,5223
toxin,6318
saver,5423
recognition,5039
trouble,6411
suddenly,5975
sheer,5556
complexity,1143
inherently,3140
overrecognizes,4360
overesponds,4348
inflammation,3118
cleared,1019
ohh,4237
pet,4525
exploit,2176
lean,3454
misleads,3865
tend,6159
reinforce,5125
repiblicans,5184
unvaxxed,6572
naive,4008
consequence,1202
privy,4762
rigidly,5304
trapped,6371
ideological,2972
echo,1869
chamber,923
injury,3151
total,6309
ratio,4978
olympic,4245
hire,2849
boosted,687
omicron,4247
endemic,1971
tripe,6403
rambling,4954
dumbshit,1828
blank,633
ebola,1865
mmr,3889
cough,1300
denying,1549
degrade,1516
sharing,5549
misrepresent,3869
dint,1662
episode,2020
informed,3132
acuity,81
perceive,4492
height,2804
dye,1842
box,706
iterative,3295
refinement,5087
incrementally,3078
blurays,656
nand,4013
flash,2347
ka,3346
jillion,3318
accessing,37
slc,5675
tlc,6285
qlc,4903
nerd,4080
xpoint,6930
gnarly,2610
bismar,618
capatalism,832
scaling,5430
creating,1349
pushing,4896
ending,1972
wasted,6754
sexism,5540
racism,4940
boggling,666
genius,2553
inequality,3101
maintenance,3635
bailouts,473
innovative,3156
warranted,6746
utopia,6620
dedicated,1487
pursuit,4893
unrelated,6561
moore,3935
applicable,312
kept,3362
quiet,4927
intriguing,3236
oneself,4257
hindrance,2846
fridge,2452
bar,489
fresh,2450
manually,3671
milk,3835
variable,6646
handle,2741
recipies,5035
figuring,2310
clothes,1044
exploitive,2179
complicating,1146
exploitation,2177
involved,3265
disturbing,1722
unused,6569
clothing,1045
third,6231
textile,6186
cortana,1294
deconstructing,1482
ejecting,1914
dosing,1767
ramp,4955
intel,3196
amd,224
tsmc,6427
qualcomm,4907
micron,3824
nvidia,4188
samsung,5404
smic,5705
copied,1275
lifted,3500
kiss,3386
bureaucrat,778
arenot,336
managing,3658
educated,1887
dedicate,1486
career,855
bank,481
reset,5225
relearn,5136
contrary,1244
feeding,2278
radioactive,4948
sugar,5985
service,5525
naegleria,4005
casually,868
hopeful,2883
encephalitis,1962
bacterial,468
troll,6408
occurrence,4216
hang,2745
riding,5299
bicycle,581
wiping,6857
bike,587
replicates,5191
triple,6404
wit,6864
misinformed,3862
loudest,3586
crating,1339
sacrifice,5380
tide,6264
screeching,5456
unwell,6573
trueoffmychest,6415
rjz,5316
qp,4905
hpbj,2914
ignore,2983
bogeyman,665
chosen,980
embrace,1940
partake,4418
transhumanist,6351
exploited,2178
tipping,6279
grind,2684
halt,2735
reaching,4993
slows,5696
slowed,5692
overlord,4356
dry,1817
barren,495
wasteland,6756
entertainment,2005
portrays,4635
appliance,310
kitchen,3387
toaster,6290
wifi,6836
notification,4160
toast,6289
scanning,5433
unintended,6526
tended,6160
netting,4085
finishing,2326
tale,6099
dueling,1825
neurosurgeon,4091
sam,5399
kean,3354
aspiring,365
neuropsychologist,4089
implore,3033
transcendental,6344
paying,4459
enjoyed,1990
peer,4479
reviewed,5277
gospel,2634
methodology,3809
validity,6637
consensus,1199
forcibly,2394
reframe,5093
comorbidities,1117
temporarily,6156
peak,4473
noting,4161
nostalgia,4150
understandably,6492
concentrated,1163
enjoy,1989
berry,562
hhjhu,2830
hg,2828
decaying,1471
recalling,5021
cyborg,1419
coin,1058
adopt,115
instantly,3179
ev,2069
shovel,5584
boiler,668
pump,4878
septic,5512
scrub,5462
sewer,5539
coal,1051
dirty,1672
proper,4819
optional,4287
solves,5741
implemented,3031
trendy,6386
incentivize,3055
alike,186
accuracy,50
saint,5392
importantly,3035
researching,5220
wildfire,6840
bagged,472
forest,2401
hollow,2871
excavated,2105
dust,1838
insulate,3187
optimal,4281
empower,1955
unpredictable,6555
superintelligence,6006
plugged,4595
facet,2213
steer,5877
workforce,6892
elevate,1925
kinship,3383
clarification,1007
favor,2262
robotics,5328
presume,4724
reconcile,5048
ranked,4966
allocation,195
gmos,2609
factory,2218
farming,2245
pursue,4892
specialized,5781
consume,1221
devastating,1602
ecological,1870
sustain,6058
ight,2980
renewable,5173
transitioning,6354
subreddit,5949
excessive,2116
negativity,4064
bitterness,623
welcome,6790
automatically,438
moderator,3901
message,3790
compose,1149
upliftingnews,6581
whom,6825
astonishing,385
vanished,6643
undetectable,6500
exam,2101
endoscopy,1977
luis,3598
diaz,1628
jr,3332
memorial,3773
sloan,5689
kettering,3363
author,428
sunday,5998
england,1986
sponsored,5819
glaxosmithkline,2593
obliterated,4196
alan,177
venook,6676
specialist,5779
san,5405
francisco,2436
unheard,6519
faced,2212
grueling,2699
altering,211
urinary,6599
dysfunction,1845
colostomy,1082
bag,471
entered,2002
disappear,1678
tear,6133
andrea,248
cercek,908
oncologist,4254
clinically,1032
dostarlimab,1768
inhibitor,3143
unmasks,6550
muscle,3982
weakness,6769
swallowing,6062
chewing,963
editor,1883
gerber,2567
mad,3619
priced,4740
airline,171
offer,4225
wire,6858
absence,16
plain,4572
editorial,1884
accompanying,40
hanna,2747
sanoff,5410
carolina,858
lineberger,3520
comprehensive,1156
compelling,1126
duration,1836
equates,2026
kimmie,3377
ng,4106
harvard,2762
unprecedented,6554
merck,3781
drugmaker,1816
metastatic,3806
originated,4307
prevented,4732
repairing,5179
pembrolizumab,4481
shrank,5589
stabilized,5835
locally,3554
lymph,3608
node,4130
noticed,4159
shrinking,5592
reasoned,5016
card,851
update,6577
tame,6106
genetically,2550
reprogramming,5209
underway,6499
spared,5773
dreaded,1800
relies,5144
seek,5480
prolonged,4807
chronic,987
lymphocytic,3610
vanish,6642
esophageal,2045
nivolumab,4124
unleashes,6541
seventh,5534
sponsor,5818
risky,5312
proposing,4826
firm,2330
tesaro,6177
remind,5158
forgotten,2409
sascha,5415
roth,5349
runner,5372
bethesda,569
md,3731
sigmoidoscopy,5609
recalled,5020
gastroenterologist,2518
expecting,2153
biopsied,609
melted,3770
scheduled,5440
georgetown,2566
insisted,3170
paty,4452
eligible,1928
fertility,2289
trace,6321
correction,1288
june,3338
misstated,3876
endometrial,1976
approval,322
typical,6450
controlled,1254
validate,6635
additionally,95
recur,5061
agent,153
dmmr,1732
string,5928
incremental,3077
victory,6691
worthy,6906
celebration,895
permanent,4505
edited,1881
corrected,1287
label,3409
jewish,3315
jewishboston,3316
gift,2579
chai,919
significance,5614
jew,3314
whats,6805
corresponds,1292
stool,5904
presenting,4715
staging,5842
surgeon,6030
grant,2664
younger,6948
dear,1465
quietly,4928
hoped,2882
defeated,1495
successfully,5970
happiest,2754
norm,4143
blocker,647
mode,3898
shockingly,5571
improbable,3043
utilize,6616
ummm,6463
ii,2987
iii,2988
determined,1598
ranged,4963
completion,1141
aacrjournals,1
cebp,894
estimating,2052
drawing,1799
conclusion,1167
paywall,4464
putin,4898
buries,781
maker,3640
hide,2831
paint,4388
corn,1278
crisp,1360
scene,5438
bookmark,681
commits,1104
gunshot,2714
suggestion,5987
unsafe,6563
nutritious,4186
xkcdhatguy,6927
dimension,1657
btw,758
morocco,3941
cooked,1269
veggie,6672
meat,3746
fish,2334
gmo,2608
pesticide,4524
supposedly,6019
couscous,1318
tagines,6089
tinfoil,6274
corporation,1284
selling,5499
disappeared,1679
explode,2173
montha,3930
contageous,1226
murderous,3981
cannibal,824
jargon,3310
following,2382
visit,6704
letter,3479
buried,780
purchased,4884
trans,6342
mitigated,3883
plant,4578
vegan,6668
destroys,1590
posting,4646
survivability,6044
nejm,4072
doi,1747
nejmoa,4073
retitled,5263
convict,1263
lodzinsk,3559
fantastic,2238
frankly,2438
invested,3253
illogical,2995
solved,5740
warming,6742
trialing,6391
throat,6250
painless,4387
intravenously,3235
hearing,2792
suiciding,5990
thier,6225
renal,5171
convey,1262
expects,2154
ipilimumab,3274
nobel,4128
pdl,4470
blockage,645
placebo,4570
ethical,2058
funeral,2488
bowl,705
cry,1383
husband,2939
daughter,1451
mankind,3666
theranos,6212
pleased,4589
butt,788
probing,4769
abduction,6
congrats,1189
broke,748
selectively,5494
giloblastoma,2582
autologous,436
mesenchymal,3788
ketto,3364
fundraiser,2487
ineedyoururgentsupportformymothertreatment,3098
utm,6619
ff,2294
bf,575
shby,5552
gratitude,2670
funders,2485
thinker,6229
doer,1741
giver,2587
brentuximab,731
vedotin,6666
doxorubicin,1785
vinblastine,6697
dacarbazine,1429
avd,444
ajmc,173
myelogenous,3997
imatinib,3008
promyelocytic,4814
atra,405
arsenic,348
trioxide,6401
chimeric,969
party,4430
stemcell,5880
prepared,4706
fluke,2366
spontaneous,5821
insignificant,3169
sth,5888
undignified,6502
instability,3175
mismatch,3867
deficiency,1504
indicated,3086
colorectals,1081
immunologically,3019
reporting,5198
survivor,6050
conventionally,1260
conventional,1259
uh,6455
innefective,3153
scared,5435
shitless,5566
succesful,5967
previously,4738
pointer,4606
surprising,6036
ad,83
cage,798
advertisement,128
maze,3726
aspirin,364
moa,3891
lede,3465
shoot,5572
gauge,2524
samaritan,5400
cia,990
witness,6870
nominate,4133
bestof,566
spectacular,5788
biz,626
pembro,4480
sickest,5601
relapsed,5129
accrued,48
resort,5236
sicker,5600
newly,4099
fantastically,2240
cloning,1038
outer,4322
blocking,648
block,644
dupilimab,1834
aka,174
dupixent,1835
beefed,529
struck,5931
resection,5222
partial,4419
colonoscopy,1078
operative,4274
stomach,5901
decreased,1484
randomly,4959
uplifting,6580
depressed,1556
doubled,1771
govt,2644
orgs,4303
medicaid,3755
chris,981
rock,5331
dealer,1463
shuttered,5596
shelled,5558
wind,6849
fatalist,2256
natured,4035
intentioned,3208
bureaucracy,777
transfixed,6346
johnny,3321
depp,1555
saga,5390
register,5109
radar,4944
dramatic,1793
niracle,4122
viable,6688
dish,1698
creature,1351
prohibitively,4802
caveat,887
cancerwith,819
havewho,2773
sweep,6065
debbie,1468
overblown,4339
bonkers,676
amnt,228
monolith,3926
competing,1131
heor,2813
pricing,4742
incorporates,3068
winner,6853
nonsense,4138
regimen,5107
patent,4442
investing,3257
jacking,3303
generic,2546
expired,2167
nauseatingly,4037
loot,3576
outlier,4324
personnel,4516
desease,1573
exiting,2139
corner,1279
healing,2785
crystal,1385
hippie,2848
buddy,764
healthier,2788
dietary,1639
tip,6278
avout,451
medicare,3757
wishful,6862
workaround,6889
absurd,23
trending,6385
rank,4965
consult,1220
taunk,6121
reaper,5010
pepper,4489
ghost,2575
gore,2632
evolved,2092
participated,4423
methotrexate,3810
nalarabene,4009
spelled,5794
screening,5459
assay,368
pressure,4721
familiar,2234
sponsorship,5820
theyll,6223
coincidence,1059
msi,3965
microsatellites,3826
prognosis,4791
immunogenic,3018
keytruda,3367
takeaway,6096
positively,4639
impacted,3026
genotyping,2559
congruence,1191
cyp,1423
enzyme,2016
selected,5490
genotype,2558
intervention,3230
loony,3573
disagreeing,1676
braindead,713
upliftedness,6579
anyway,295
summarize,5993
halted,2736
allegedly,191
overwhelming,4366
unethical,6509
bothered,697
methodical,3808
preparation,4704
historian,2851
kemeny,3360
tore,6307
lumpectomy,3600
liable,3487
charged,935
narcolepsy,4019
copay,1272
assistance,374
neurologist,4087
clinic,1030
staff,5838
breakfast,723
stimulant,5894
awake,453
switch,6073
loud,3585
ovarian,4334
transposition,6370
cervix,915
retrieved,5265
onset,4261
menopause,3776
shocked,5569
msk,3966
transposing,6369
moved,3957
abdomen,4
fyi,2502
composed,1150
resistance,5231
tiktok,6268
vm,6710
zmndpetht,6966
rhabdomayosarcoma,5289
polypeptide,4620
neoantigen,4076
rituximab,5314
breeze,730
mab,3614
refer,5078
cytotoxic,1426
fewer,2293
egfr,1902
alk,188
collateral,1066
mixed,3885
inferiority,3113
upside,6589
tl,6284
chron,986
gas,2517
shart,5550
diarrhea,1627
mucus,3969
dim,1655
lb,3447
urge,6596
reformed,5091
predicated,4685
payouts,4462
motivate,3948
undoubtedly,6504
guideline,2708
listing,3533
nccn,4042
intention,3206
rural,5374
metropolitan,3812
absurdly,24
atomic,403
inhibition,3142
frontline,2459
adjuvant,105
folfox,2376
gi,2576
excitement,2119
lynch,3612
markup,3692
doubting,1774
polysaccharide,4621
krestin,3401
psk,4858
trametes,6341
versicolor,6680
turkeytail,6435
mushroom,3983
edible,1878
medicinal,3760
beta,568
glucans,2606
regularity,5114
personally,4515
fungal,2489
metabolite,3796
persue,4519
clincal,1029
george,2565
lakhovsky,3416
multiwave,3978
oscillator,4310
forbidden,2391
confiscated,1182
threatened,6245
revocation,5281
license,3491
ama,218
stigmatized,5892
electro,1922
erased,2038
raymond,4984
rife,5300
deserves,1576
revisited,5280
modeling,3900
analyzed,242
someday,5746
gk,2589
nyt,4190
tw,6440
addicted,89
negligeable,4065
contributing,1249
terrified,6171
tier,6265
malpractice,3651
suit,5991
describes,1569
latest,3436
nk,4125
jhoonline,3317
biomedcentral,604
directed,1667
inhibit,3141
daratumumab,1443
bortezomib,692
nelarabine,4074
inevitable,3104
drastically,1796
underestimate,6481
resistor,5233
microchip,3822
translates,6357
dissect,1711
nook,4140
cranny,1336
vessel,6684
marvel,3696
rewire,5286
pace,4379
curing,1402
ridiculous,5297
trading,6328
imaginary,3003
err,2040
lottery,3584
stone,5902
reduced,5072
eager,1848
shat,5551
mon,3919
ironically,3279
battling,509
smoker,5710
bureaucratic,779
hurdle,2935
requiring,5215
overcame,4340
relying,5148
merited,3786
permission,4507
flawed,2350
ethic,2057
aligned,185
neutral,4092
detrimental,1600
weighted,6787
overstated,4363
understated,6494
abandoned,2
proceed,4772
wholesale,6824
assure,384
recruited,5058
refractory,5092
potentiate,4652
unaffected,6467
simplicity,5629
tracked,6323
mabs,3615
modulation,3909
busy,786
comfortable,1092
circumstance,995
warrior,6747
destitute,1586
rotten,5350
disparage,1703
chaos,931
bay,510
owns,4373
suffix,5982
humira,2932
goodrx,2624
remicade,5157
benlysta,560
synthesis,6079
benchmark,555
reimburses,5124
mdedge,3732
gihepnews,2581
rheumatoid,5290
arthritis,349
payment,4461
infliximab,3124
biosimilar,612
inflectra,3123
quarter,4917
cm,1048
mg,3815
uninsured,6525
benevolent,558
bankrupt,484
obscene,4198
administrative,108
diabetes,1614
charging,937
lucrative,3595
worldpopulationreview,6895
ranking,4967
asr,366
stats,5868
screened,5458
suppress,6021
administer,106
existent,2135
suppressed,6022
jackshit,3304
jointly,3325
lion,3525
nutritionfacts,4185
manned,3667
redefining,5068
naming,4011
intermediate,3220
button,789
emerging,1943
continuing,1238
insurer,3191
peanut,4474
traction,6326
boat,662
delay,1521
improves,3047
consistency,1210
palliative,4391
generalized,2538
commenting,1100
differentiator,1644
synthesized,6080
trialed,6390
qualification,4908
vague,6632
carcinoid,849
phenomenon,4538
classical,1012
optimizing,4285
slowing,5694
network,4086
released,5138
attentively,417
convinced,1265
boon,685
screaming,5455
horseshit,2894
depressing,1557
bleach,635
horse,2893
paste,4439
reacted,4995
financially,2317
surrounded,6040
denier,1543
utc,6613
wolframalpha,6874
kf,3368
ibb,2952
remindmebot,5161
bhttps,576
fwww,2501
fupliftingnews,2491
fcomments,2265
fv,2499
fa,2210
fibb,2299
aremindme,334
pm,4600
spam,5771
commenter,1098
bko,627
blink,642
square,5830
bracket,709
myreminders,3999
feedback,2277
calculate,799
wet,6800
transition,6353
bioinformatics,597
generalist,2536
tnt,6287
fullest,2473
cleveland,1022
heath,2798
verge,6678
sphincter,5802
preservation,4717
incontinent,3067
honesty,2879
ostomy,4311
sock,5726
weee,6782
socialized,5723
qaly,4902
threshold,6248
pubmed,4873
bean,514
retirement,5262
biologic,598
mri,3963
retire,5260
underlying,6486
malignancy,3647
matching,3709
encode,1963
primary,4744
identifies,2969
thoroughly,6238
compete,1129
gamble,2508
girl,2584
daycare,1454
teacher,6130
newspaper,4101
subscriber,5952
undergrad,6485
preliminary,4700
peptide,4490
poster,4645
attend,414
enlightening,1991
conjunction,1193
adoption,116
subsidized,5956
magically,3624
footing,2388
fiscally,2333
irresponsible,3282
voter,6716
picking,4555
pedantic,4477
distinction,1716
rising,5310
ibtimes,2957
subsidizes,5957
incentivizes,3057
interpreted,3227
pessimism,4522
quit,4929
cursing,1407
insecure,3164
proof,4816
ualberta,6453
publicas,4868
folio,2377
biased,580
dayquil,1456
flaw,2349
dig,1649
psychotherapy,4866
psychology,4865
artisan,351
therapist,6214
adapt,84
sing,5636
dance,1438
accurately,52
pointless,4608
barely,491
dippin,1664
ur,6595
toe,6292
profiting,4790
phi,4540
advertising,129
annoyance,260
defensive,1502
reasoning,5017
bottom,700
diligent,1654
checkup,948
genome,2555
hgp,2829
nucleotide,4174
polymorphism,4619
snp,5718
advancing,124
genomics,2557
pharmacogenomics,4532
makeup,3641
metabolize,3797
sver,6060
massively,3704
expansive,2147
nose,4149
acknowledge,61
expanding,2144
xyz,6933
zyx,6973
vested,6685
diagnostic,1621
inaccurate,3053
haywire,2775
wiped,6856
manipulation,3665
analyzing,243
terminating,6167
synthetic,6081
precursor,4683
manpower,3669
clarify,1008
encouraged,1967
integrated,3195
sixty,5650
climb,1027
anticipated,276
facing,2215
predicting,4689
roadblock,5323
leapfrog,3456
veer,6667
divergent,1726
ethically,2059
dubious,1820
nanotechnology,4017
offering,4227
overcoming,4343
neither,4071
address,96
root,5346
occurred,4215
undetected,6501
secret,5472
notice,4157
browse,754
minuscule,3852
proportion,4823
outdated,4321
raspberry,4974
pi,4552
wallet,6734
trip,6402
stride,5927
salesman,5396
finance,2315
reversing,5275
fruition,2461
temper,6154
lick,3493
guesswork,2706
forgive,2405
regulating,5119
metaphorical,3802
reproductive,5208
sigh,5606
overstate,4362
chest,962
australia,426
instantaneous,3178
acknowledging,63
refine,5085
generates,2542
equipment,2029
stressing,5924
poof,4623
insured,3190
max,3721
deductible,1488
premium,4702
policy,4611
antiquated,281
grandfathered,2658
retired,5261
severity,5538
ambulance,223
ecg,1868
stent,5881
maximum,3722
remortgaged,5164
drained,1792
pacemaker,4380
despair,1583
employer,1954
employee,1953
payroll,4463
fired,2328
cap,828
billed,589
bold,669
marked,3685
curtails,1408
gouging,2640
consistently,1212
cave,886
purposefully,4891
mockery,3894
complaint,1136
australian,427
fee,2275
specialised,5778
preemptive,4694
deregulated,1561
bankrupted,486
conspired,1215
negotiate,4067
pharmacos,4533
behalf,539
collective,1070
bargaining,493
comparing,1122
yank,6935
canadian,816
inquiry,3160
hight,2838
wooden,6884
kebab,3355
skewer,5660
triage,6387
classifying,1013
gag,2504
sensitive,5505
cardiologist,852
sedate,5477
exit,2138
walked,6730
cent,902
categorically,874
virtually,6699
province,4854
envy,2015
theirs,6201
reside,5226
notably,4152
relation,5132
infant,3107
maternal,3712
appointment,317
proxy,4856
command,1095
nh,4107
stressful,5923
visited,6705
westerner,6799
monarchy,3921
anne,257
britain,741
dissolved,1712
title,6282
faq,2241
london,3564
hull,2927
monarchist,3920
systemic,6084
responsibility,5247
lamborghini,3417
ferrari,2288
hla,2857
phenotype,4539
skipped,5666
ted,6141
expression,2192
uniform,6522
infinite,3115
rubberstamp,5362
skilled,5662
anual,288
varies,6650
income,3063
vat,6656
novartis,4162
industrials,3096
deficient,1505
neoadjuvant,4075
setting,5529
superiority,6008
happenstance,2753
driver,1809
sticker,5890
collude,1074
gravy,2672
geography,2564
ownership,4372
scattered,5436
shrinkage,5591
panacea,4396
dca,1458
scholar,5443
rlz,5317
gcea,2526
enrs,1997
oq,4288
aqs,330
chrome,985
sourceid,5766
utf,6614
invited,3263
manages,3657
consideration,1207
shitton,5567
inhabitant,3139
arguing,339
torture,6308
page,4382
generalization,2537
validated,6636
randomized,4958
gattaca,2523
section,5474
eugenics,2065
answering,269
dinosaur,1661
liability,3486
relate,5130
precision,4681
educate,1886
safeguard,5385
periodic,4504
sensitivity,5506
bothering,698
excepting,2111
unquestionably,6556
alright,208
wager,6723
replacement,5187
nanobots,4015
interface,3216
robotic,5327
central,905
fyvf,2503
brgo,732
scratching,5454
varied,6649
zoo,6970
afar,136
acquaintance,64
blessing,638
ranging,4964
horrendous,2888
heartbreaking,2796
hero,2821
joining,3323
defeat,1494
undeniable,6479
merged,3785
mall,3649
overlay,4354
retina,5259
minority,3851
blade,630
restricted,5253
supercomputer,6004
junk,3339
bin,592
goodwill,2625
commenters,1099
transformational,6348
devry,1613
elsewhere,1934
bud,763
contribute,1246
coward,1327
statin,5862
disqualified,1707
damper,1437
oncological,4253
thorny,6236
covering,1324
neuropathy,4088
functionality,2479
inflated,3120
upcharge,6576
recoup,5052
salary,5394
exempt,2127
shop,5574
weeded,6781
flipside,2359
jaded,3306
ireland,3277
shore,5575
luxury,3606
lemonade,3471
earn,1853
utility,6615
dunno,1832
median,3753
household,2907
thebalance,6198
conditioning,1170
priming,4748
ctl,1389
haplotype,2748
iraes,3276
acquire,65
homozygosis,2876
deleting,1524
parental,4409
allele,192
invisible,3262
rescued,5216
effector,1895
epitope,2021
upregulation,6585
interferon,3218
ionizing,3271
enhance,1987
susceptibility,6052
clone,1037
futuremedicine,2497
imt,3050
diverse,1727
hypothetical,2950
observed,4202
favorable,2263
downplay,1778
mi,3817
simplifying,5630
compatible,1125
sickness,5602
pregnant,4699
permitted,4508
holdout,2868
unconvinced,6477
thalidomide,6188
deformity,1514
flipper,2358
defect,1497
limb,3511
justice,3342
rigorous,5306
overly,4357
cautious,885
molecularly,3913
isomer,3288
structurally,5932
nonetheless,4137
mirror,3856
regulator,5120
naseua,4024
distributed,1719
astoundingly,387
thorough,6237
teating,6134
crucial,1378
gracious,2649
horror,2892
deserved,1575
invincible,3260
smidgen,5706
spends,5798
feasibly,2269
collect,1068
exclusivity,2123
expense,2157
efpia,1900
publication,4869
rd,4988
expenditure,2156
japan,3308
perform,4499
invents,3251
trillionaire,6400
substance,5960
uni,6520
focusing,2372
costlier,1299
banker,482
sincere,5635
sustainably,6059
realistically,5004
malignant,3648
flossing,2362
dentist,1546
aprn,329
obgyn,4193
sterilization,5884
quantum,4916
biorobots,611
conceive,1161
proteome,4840
dynamic,1844
introspection,3240
bootstrapping,689
barest,492
taste,6119
wobbling,6872
sack,5379
flexible,2353
calibration,806
exceeds,2108
outright,4329
tracking,6324
heuristic,2826
astronomically,392
alexa,181
magnificent,3626
sham,5543
calculating,801
admitting,113
replying,5195
border,690
dwelling,1840
rad,4943
hybrid,2940
bankruptcy,485
unemployed,6508
millionaire,3839
bother,696
mexico,3813
india,3084
elective,1918
norway,4148
triaged,6388
crash,1338
queue,4923
holiday,2870
suicidal,5988
danger,1440
victoria,6690
prescribe,4707
antidepressant,277
pharmacy,4534
adderall,88
psychiatrist,4861
addictive,91
tramadol,6340
diazepam,1629
adhd,101
script,5460
antipsychotic,280
counseling,1304
shrink,5590
booked,680
hotlines,2902
crisis,1359
counselor,1306
pychiatrists,4901
rehab,5122
audit,423
annually,263
nicer,4111
counselling,1305
chiropractor,973
speak,5775
patronisingly,4450
shallow,5542
grossly,2689
exaggerating,2099
generalisation,2533
sighted,5608
centered,904
nonessential,4136
provider,4851
nearby,4049
skewed,5659
earner,1854
wealthiest,6771
oldham,4244
kelsey,3359
rejected,5127
reviewer,5278
prescribing,4710
fortunately,2416
garnished,2516
retail,5258
ditto,1723
hmm,2858
bait,474
definitionally,1512
prophylaxis,4822
attempting,413
sofosbuvir,5728
wildly,6841
hepatitis,2815
considerably,1206
specialty,5782
psychiatric,4860
genesight,2548
pulling,4877
authorized,431
deemed,1490
prescriber,4709
gp,2645
np,4168
uncommon,6474
anxious,289
roulette,5353
sink,5641
zoloft,6967
gather,2520
granular,2666
demand,1531
necessitating,4056
compensation,1128
assistant,375
hourly,2905
comb,1085
collection,1069
questionnaire,4922
prefers,4697
implement,3030
somebody,5745
suspected,6055
cheek,949
swab,6061
subtypes,5965
depend,1551
availability,442
untreatable,6567
enroll,1994
enrolling,1996
evolving,2093
overhaul,4351
lobbying,3551
crazyfuckingvideos,1343
gop,2631
rep,5176
mo,3890
brook,750
committee,1106
cheaply,943
conflating,1183
aberration,8
combo,1089
volume,6712
chronically,988
connective,1196
fumbling,2475
pathological,4446
reassurance,5018
discomforting,1685
responder,5243
maturing,3719
wasteful,6755
missile,3873
closed,1040
ecosystem,1876
mutually,3995
exclusive,2121
fuckload,2468
costa,1296
rica,5293
superb,6003
visa,6701
dime,1656
squeeze,5831
overseas,4361
infuriating,3134
pervasive,4520
uninformed,6524
drain,1791
generational,2545
cited,997
hassle,2765
kaiser,3347
platinum,4584
psychiatry,4862
scam,5431
congress,1190
federal,2274
projected,4804
believing,550
abysmal,26
subsidizing,5958
jacob,3305
sherkow,5560
associate,377
professor,4786
discrepancy,1691
implication,3032
defended,1499
biopharmaceuticals,608
magazine,3622
grayson,2673
spokesman,5817
phrma,4547
represents,5202
mapped,3678
masked,3698
surfacing,6029
addiction,90
bipolar,615
sober,5720
nicotine,4114
craving,1340
obsessing,4204
actionable,72
splurged,5815
grail,2653
fragment,2429
includes,3061
gotcha,2636
troop,6410
nato,4031
disproves,1706
parp,4415
olaparib,4241
marsden,3694
coat,1052
mosquito,3944
tinkering,6276
advocating,133
proud,4845
stranger,5915
ballpark,477
recessive,5029
unknowingly,6538
carrier,860
proscribing,4829
craze,1341
stance,5845
translational,6358
objectively,4194
trivially,6407
spouting,5825
rittenhouse,5313
fanboi,2237
choking,975
tacticool,6088
protester,4842
unsurprised,6564
disappointing,1680
va,6624
xray,6931
paxlovid,4454
switched,6074
upset,6588
fraud,2439
abuse,25
internalize,3222
proposal,4824
bernie,561
sander,5406
contradicts,1243
develope,1604
frustrating,2463
commercial,1101
insight,3168
steerable,5878
petri,4526
gathering,2522
analyze,241
automated,437
competed,1130
unpaid,6553
graduate,2652
grunt,2700
magnitude,3627
standardize,5848
coding,1055
intelligently,3200
massaging,3701
behavior,541
curb,1398
rewrite,5287
jacked,3302
diabetic,1615
twenty,6441
illegally,2993
eisenhower,1912
warning,6743
mic,3818
unhappy,6517
adversary,126
bear,515
tiger,6266
rosenbaum,5347
protesting,4843
racial,4939
slur,5697
simp,5626
racist,4941
assault,367
blm,643
debate,1467
hamburger,2737
racking,4942
champ,924
hahahaha,2730
vegetarian,6671
misrepresented,3870
veganism,6669
govornment,2643
sole,5735
customer,1412
fairhealthconsumer,2226
staffed,5839
responsible,5248
purchaser,4885
badeconomics,470
hj,2856
laughable,3438
czxwxcr,1427
bona,674
fide,2302
digest,1650
discussing,1695
refutes,5100
graph,2667
moreover,3939
int,3192
carcinogenicity,848
consumption,1223
quack,4906
rny,5320
xkygcq,6928
competitive,1133
setup,5532
rely,5147
fastest,2253
reign,5123
rational,4979
submission,5947
futurology,2498
ibbd,2953
uq,6594
genitourinary,2552
liver,3543
evaluating,2075
abnormality,12
curative,1397
intent,3205
chemoradiation,958
interprets,3228
gamechanger,2510
begs,537
isnt,3286
dice,1630
remain,5149
dreadful,1801
degradation,1515
grandpa,2662
sunshine,6000
wrecked,6911
upvotes,6593
peasant,4475
patented,4443
locked,3558
drawer,1798
producer,4779
index,3083
talked,6102
registering,5110
residual,5229
catalogue,870
obscure,4199
medicating,3758
veterinary,6686
writer,6917
shocking,5570
politicisation,4616
contentious,1231
doomed,1763
fascinated,2247
radiolab,4949
captivating,842
spoil,5816
spotify,5824
tqwvbqix,6320
zvhckl,6971
oxypx,4377
si,5598
rtpqqkphteiu,5361
glmfronhg,2599
unmasking,6549
immense,3010
nitrogen,4123
mustard,3986
alkylating,189
mechlorethamine,3751
anticancer,274
prospect,4830
revision,5279
kinch,3378
ames,227
et,2054
antineoplastic,279
foremost,2399
interfere,3217
replication,5192
empirically,1951
characterisation,933
oncogene,4251
suppressor,6025
signalling,5612
hallmark,2734
testicular,6181
gestational,2572
choriocarcinoma,978
optimisation,4282
elusive,1935
mechanistic,3749
discreet,1690
benchchem,554
howerver,2912
cookiekeepern,1270
sufficiently,5981
repaired,5178
pretending,4726
ambition,222
sus,6051
vaporize,6644
tract,6325
ohgslqxpswi,4236
downvote,1781
position,4637
conflicting,1184
hotter,2903
shock,5568
capecitbin,833
bottle,699
paperwork,4402
libs,3490
unmaxsk,6551
yo,6944
fleece,2352
undergoing,6483
warrant,6745
prospective,4831
pateints,4441
randomzed,4960
investigator,3256
publish,4871
meta,3795
trumpet,6419
throughly,6252
invaded,3243
controlling,1256
hoax,2859
muh,3970
roll,5338
delaying,1522
wanting,6738
banking,483
applicability,311
rental,5174
ibce,2955
io,3269
app,304
iossmf,3272
haha,2728
swipe,6071
keyboard,3366
ftw,2466
planning,4577
apocalypse,301
marketing,3690
ensuing,1998
barrel,494
gun,2713
tb,6124
clap,1006
utis,6618
cipro,993
candy,821
ding,1658
becasue,523
hotline,2901
chaser,940
directing,1668
illustrate,2997
snail,5713
heated,2797
table,6085
exec,2125
penalized,4483
generalise,2534
mskcc,3967
multisite,3976
monster,3928
resolve,5235
agreement,160
disagrees,1677
chemorads,959
unusual,6570
unmask,6548
eighteen,1909
forbid,2390
supermarket,6009
painkiller,4386
sucka,5973
cutoff,1416
compassionate,1124
ongoing,4258
undergone,6484
releasing,5139
meantime,3741
continual,1233
decline,1480
thequint,6211
ffa,2295
daf,1431
png,4602
format,2411
ccompress,888
glorification,2604
certainty,913
fentanyl,2287
pentobarbital,4486
uncertain,6470
flinch,2355
angle,255
ingested,3137
coma,1084
breathing,727
length,3472
appealing,306
click,1023
endure,1979
consented,1201
thst,6257
worded,6887
luddite,3596
tummy,6430
alight,184
renting,5175
candidate,820
matched,3708
onco,4250
ordinary,4294
enrolled,1995
braf,710
proposed,4825
fitting,2338
exploratory,2181
sneaking,5716
examination,2102
marketed,3688
participate,4422
illegal,2992
usage,6603
iiia,2989
metastasis,3803
downplaying,1779
radically,4947
themed,6204
sonic,5754
mr,3962
liking,3509
continuity,1239
howard,2911
stern,5887
fartman,2246
danimerry,1442
ibbykjm,2954
firetruck,2329
hedge,2801
flame,2346
closest,1042
zip,6964
universality,6534
fragmentation,2430
preferable,4696
invovled,3268
milieu,3833
suppressive,6024
ro,5321
ido,2976
hostile,2899
ooh,4265
rct,4986
resurgence,5257
blinding,640
fianc,2298
justify,3344
lay,3442
unnecessarily,6552
adenocarcinoma,99
generalised,2535
noise,4131
clinal,1028
evaluate,2073
initiated,3147
collaborate,1063
protocol,4844
explore,2182
committing,1107
spiderwebbing,5803
tennis,6163
buck,761
aided,166
awhile,460
seven,5533
traumatic,6374
prostrate,4833
sinus,5643
excellent,2109
indeed,3081
partner,4428
seeming,5483
april,327
mum,3979
esp,2046
progressed,4799
nine,4121
pregnancy,4698
disabled,1673
epilepsy,2019
scar,5434
contributed,1247
infantilise,3108
regain,5101
diagnose,1617
numbingly,4179
dense,1544
opened,4268
flipped,2357
cherry,961
selecting,5491
sequential,5516
pool,4624
statistician,5867
assurance,383
forgo,2407
untested,6565
defiiitely,1506
iron,3278
falun,2233
sweden,6064
smelting,5704
ravaged,4981
ridiculously,5298
homeless,2875
deduction,1489
qualifying,4911
accusatory,53
army,342
ukraine,6457
nuke,4177
everyon,2084
advacing,120
sweet,6066
hearsay,2793
lazy,3446
italian,3291
satisfaction,5419
incur,3079
burdensome,776
taxpayer,6123
coworkers,1330
purchase,4883
supplemental,6012
housing,2908
transportation,6367
catastrophic,871
kaud,3353
payin,4458
ato,401
au,419
anchor,246
stc,5872
scroll,5461
atotaxrates,404
creep,1355
nbsp,4040
remainder,5150
servicesaustralia,5526
aud,420
vary,6653
levy,3484
earning,1856
referred,5082
exorbitant,2141
navigate,4038
fragmented,2431
freed,2444
unfamiliar,6512
ineligible,3099
expat,2148
copays,1273
universally,6535
investigational,3255
accusing,56
tone,6300
unempathetic,6507
traffic,6331
peatey,4476
chart,938
spca,5774
feline,2281
shelter,5559
bang,480
waitlists,6728
economy,1875
gdp,2527
administrator,109
forth,2415
ema,1938
cart,863
condolence,1171
myriad,4000
hardest,2758
numbness,4180
lorry,3577
asleep,362
wheel,6807
bury,784
friday,2451
fu,2467
capox,840
adjustment,104
seaking,5464
utterly,6621
ffs,2296
similiar,5625
obnoxiously,4197
pessemistic,4521
calculated,800
tailor,6092
exceptionally,2114
computed,1158
cro,1367
recruitment,5059
ontario,4262
coworker,1329
frustrated,2462
spain,5770
italy,3292
blindspots,641
farce,2243
qualitative,4912
applying,316
descriptive,1572
unclear,6472
sloppy,5690
taught,6120
sophistry,5759
semantics,5500
entertaining,2004
rewritten,5288
stoic,5899
upright,6586
brave,717
sandwich,5407
dolt,1750
crippling,1358
dual,1819
gifting,2580
degraded,1517
safely,5386
cement,900
outlined,4325
decently,1474
signature,5613
precaution,4676
excerpt,2115
query,4919
featured,2271
consecutive,1198
reproduced,5204
balance,475
academic,28
ensures,2000
participation,4424
ethnic,2060
interventional,3231
indicate,3085
clarity,1009
influential,3127
enrich,1993
reform,5090
commission,1103
behaviour,543
expanded,2143
argued,338
hinting,2847
contradict,1242
cern,910
endpoint,1978
meaningfully,3738
approx,325
woosh,6885
apriori,328
commentary,1097
buckaroo,762
exploding,2175
restate,5250
pamphlet,4394
brochure,747
mechanic,3747
bleed,636
sympathy,6076
heel,2802
exploded,2174
wherein,6812
trauma,6373
port,4631
momento,3917
recipet,5033
caustic,882
pun,4880
copious,1276
abdominal,5
tbi,6127
boxing,707
ibckou,2956
unreasonable,6558
extramedullary,2201
bmt,658
lymphoblastic,3609
blyncito,657
inotuzumab,3158
ozogamicin,4378
ewing,2094
nci,4043
eligibility,1927
contender,1229
ewings,2095
surgically,6032
radiating,4945
rubbish,5363
fec,2273
sofa,5727
temperature,6155
fluey,2365
cope,1274
ec,1867
preblems,4675
temp,6153
ring,5307
hr,2917
onwards,4264
sky,5667
rocketed,5333
rang,4961
didnt,1633
besides,564
exhaustion,2130
spiked,5805
neutropenic,4093
sepsis,5511
treatements,6381
sight,5607
swinging,6070
docetaxel,1736
tough,6312
hydrated,2941
smoothy,5712
haagen,2719
daaz,1428
cream,1345
diep,1636
reconstruction,5049
radiotherapy,4950
nasties,4025
hug,2923
wl,6871
youve,6957
